Thickness,ContinuousMeasurement1
0,0.674052205
0.01,0.327804688
0.02,0.245974521
0.03,0.419259412
0.04,0.579954285
0.05,0.67794882
0.06,0.699435904
0.07,0.921356591
0.08,0.016393666
0.09,0.909610619
0.1,0.169367715
0.11,0.192369767
0.12,0.274507623
0.13,0.160810605
0.14,0.75413072
0.15,0.978403384
0.16,0.31815211
0.17,0.434753073
0.18,0.047007337
0.19,0.819739777
0.2,0.717803583
0.21,0.051544775
0.22,0.546852949
0.23,0.942802678
0.24,0.375978106
0.25,0.179571127
0.26,0.545275794
0.27,0.50710212
0.28,0.165909932
0.29,0.69110971
0.3,0.072999594
0.31,0.76314625
0.32,0.116211537
0.33,0.353660654
0.34,0.538686033
0.35,0.241632531
0.36,0.571156701
0.37,0.593718364
0.38,0.525483118
0.39,0.616912519
0.4,0.888368265
0.41,0.540528049
1.94,0.200759514
1.95,0.183216743
1.96,0.37518118
1.97,0.924698038
1.98,0.300212542
1.99,0.916037276
2,0.656722402
2.01,0.04991919
2.02,0.064284501
2.03,0.865419753
2.04,0.498071002
2.05,0.11301645
2.06,0.294835924
2.07,0.15205991
2.08,0.899172188
2.09,0.12224474
2.1,0.083907057
2.11,0.401615985
2.12,0.021149871
2.13,0.220120645
2.14,0.315742502
2.15,0.752786764
2.16,0.634095866
2.17,0.732354563
2.18,0.540264111
2.19,0.212314542
2.2,0.544814277
2.21,0.683603343
2.22,0.238324466
2.23,0.692702206
2.24,0.350060674
2.25,0.998923198
2.26,0.338530743
2.27,0.19547531
2.28,0.367160536
2.29,0.776543507
2.3,0.144673985
2.31,0.852876182
2.32,0.84873317
2.33,0.410431792
2.34,0.997653128
2.35,0.862550981
2.36,0.202366197
2.37,0.47784167
2.38,0.59102227
2.39,0.158627518
2.4,0.709990329
2.41,0.69952209
2.42,0.600417873
2.43,0.162080159
2.44,0.165837077
2.45,0.545211914
2.46,0.244941893
2.47,0.524117697
2.48,0.346732675
2.49,0.339597511
2.5,0.743304021
2.51,0.761834186
2.52,0.990078082
2.53,0.534358456
2.54,0.59502299
2.55,0.144771356
2.56,0.707356932
2.57,0.981131514
2.58,0.343160232
2.59,0.779103163
2.6,0.448773604
2.61,0.00092019
2.62,0.645325781
2.63,0.253546674
2.64,0.128882435
2.65,0.794735012
2.66,0.230368626
2.67,0.424388238
2.68,0.191972813
2.69,0.26572151
2.7,0.93654012
2.71,0.726447922
2.72,0.904795237
2.73,0.267247303
2.74,0.882358305
2.75,0.525899878
2.76,0.366594415
2.77,0.513338228
2.78,0.861777774
2.79,0.670036282
2.8,0.814701046
2.81,0.734228887
2.82,0.904272123
2.83,0.689215907
2.84,0.663598847
2.85,0.84082726
2.86,0.906591356
2.87,0.4496895
2.88,0.515444473
2.89,0.217217583
2.9,0.536644851
2.91,0.867194379
2.92,0.123712197
2.93,0.824914411
2.94,0.437908966
2.95,0.745286533
2.96,0.305062081
2.97,0.926567953
2.98,0.819460498
2.99,0.14558738
3,0.699398183
3.01,0.939328038
3.02,0.280149573
3.03,0.069695259
3.04,0.468715187
3.05,0.282610014
3.06,0.692221492
3.07,0.64032421
3.08,0.684253267
3.09,0.46896661
3.1,0.078739941
3.11,0.282013694
3.12,0.050805753
3.13,0.619002964
3.14,0.046676767
3.15,0.73734789
3.16,0.264759673
3.17,0.75813003
3.18,0.482703015
3.19,0.312164858
3.2,0.392457008
3.21,0.916167656
3.22,0.297792921
3.23,0.254296857
3.24,0.872061368
3.25,0.181630669
3.26,0.7115194
3.27,0.231448674
3.28,0.594543279
3.29,0.482487204
3.3,0.522242039
3.31,0.764490048
3.32,0.864668736
3.33,0.487816433
3.34,0.753209777
3.35,0.646520342
3.36,0.846900332
3.37,0.810581046
3.38,0.682472222
3.39,0.344024097
3.4,0.181829626
3.41,0.997581929
3.42,0.063112364
3.43,0.288450232
3.44,0.953405364
3.45,0.503202895
3.46,0.929229953
3.47,0.209968001
3.48,0.116148024
3.49,0.168685973
3.5,0.296729465
3.51,0.579743352
3.52,0.46969899
3.53,0.584007917
3.54,0.177022293
3.55,0.808248252
3.56,0.609026153
3.57,0.390321551
3.58,0.111921613
3.59,0.347526995
3.6,0.693293961
3.61,0.750301285
3.62,0.358645433
3.63,0.642226477
3.64,0.145475523
3.65,0.845742188
3.66,0.873294477
3.67,0.961614995
3.68,0.890067458
3.69,0.20475035
3.7,0.436227416
3.71,0.628369161
3.72,0.521246294
3.73,0.844194396
3.74,0.891690953
3.75,0.142060624
3.76,0.444035488
3.77,0.00485034
3.78,0.478176219
3.79,0.744132916
3.8,0.93306458
3.81,0.926574839
3.82,0.975807638
3.83,0.936251947
3.84,0.618641447
3.85,0.412277739
3.86,0.389650025
3.87,0.372183536
3.88,0.404703083
3.89,0.892929816
3.9,0.196943864
3.91,0.9482116
3.92,0.220649284
3.93,0.825457601
3.94,0.711566397
3.95,0.878734346
3.96,0.595868113
3.97,0.009554328
3.98,0.680153962
3.99,0.661078985
4,0.589619087
4.01,0.97979058
4.02,0.290768081
4.03,0.261091039
4.04,0.58665038
4.05,0.171955406
4.06,0.118007517
4.07,0.180375985
4.08,0.884590934
4.09,0.696171724
4.1,0.940557849
4.11,0.803971369
4.12,0.948886906
4.13,0.792192782
4.14,0.151261246
4.15,0.134293775
4.16,0.914514183
4.17,0.745302901
4.18,0.339093574
4.19,0.144080506
4.2,0.531005444
4.21,0.355440905
4.22,0.206754884
4.23,0.671427967
4.24,0.522061868
4.25,0.402566186
4.26,0.163856123
4.27,0.631098824
4.28,0.28226469
4.29,0.45660422
4.3,0.957993568
4.31,0.102426731
4.32,0.897509748
4.33,0.053434056
4.34,0.786547165
4.35,0.439951466
4.36,0.853517159
4.37,0.632941489
4.38,0.662167096
4.39,0.862251859
4.4,0.711777849
4.41,0.19689549
4.42,0.971479057
4.43,0.865759031
4.44,0.484620391
4.45,0.899000099
4.46,0.262501105
4.47,0.799747397
4.48,0.673299801
4.49,0.061021105
4.5,0.610013526
4.51,0.198589662
4.52,0.373352884
4.53,0.062353868
4.54,0.399618605
4.55,0.592618055
4.56,0.017780855
4.57,0.07767376
4.58,0.284674126
4.59,0.121008684
4.6,0.463126959
4.61,0.97125698
4.62,0.079510097
4.63,0.118345821
4.64,0.334610729
4.65,0.962173917
4.66,0.067112004
4.67,0.31507065
4.68,0.515726241
4.69,0.791888449
4.7,0.915716258
4.71,0.21520967
4.72,0.471631617
4.73,0.960423201
4.74,0.985506268
4.75,0.077472247
4.76,0.539411957
4.77,0.862802197
4.78,0.696834257
4.79,0.200142193
4.8,0.114238842
4.81,0.207571932
4.82,0.23352378
4.83,0.705437254
4.84,0.796912081
4.85,0.552746119
4.86,0.705995506
4.87,0.164446917
4.88,0.643960438
4.89,0.619831553
4.9,0.575908286
4.91,0.240814201
4.92,0.331980241
4.93,0.766970596
4.94,0.203279951
4.95,0.740788256
4.96,0.868893791
4.97,0.217715728
4.98,0.363983121
4.99,0.143430406
5,0.293290243
5.01,0.623542934
5.02,0.640748519
5.03,0.120273946
5.04,0.359221529
5.05,0.492393045
5.06,0.914178112
5.07,0.391966891
5.08,0.953367086
5.09,0.63799802
5.1,0.645179085
5.11,0.490530786
5.12,0.321608799
5.13,0.020453534
5.14,0.608413
5.15,0.754463126
5.16,0.807134262
5.17,0.679049751
5.18,0.106583966
5.19,0.157436126
5.2,0.975274322
5.21,0.333767506
5.22,0.124777767
5.23,0.575296726
5.24,0.944790945
5.25,0.989211457
5.26,0.506234412
5.27,0.185260475
5.28,0.098845585
5.29,0.898874438
5.3,0.596619589
5.31,0.178321136
5.32,0.356075163
5.33,0.745631434
5.34,0.415676405
5.35,0.4407419
5.36,0.650400183
5.37,0.791771152
5.38,0.923991665
5.39,0.317420303
5.4,0.645267468
5.41,0.178841145
5.42,0.0339767
5.43,0.721323095
5.44,0.573150908
5.45,0.825116808
5.46,0.654881876
5.47,0.634235439
5.48,0.958164244
5.49,0.335337846
5.5,0.766575893
5.51,0.667045023
5.52,0.485646444
5.53,0.256406463
5.54,0.755139118
5.55,0.888058188
5.56,0.237502808
5.57,0.531922259
5.58,0.091545276
5.59,0.891506904
5.6,0.526807991
5.61,0.839974133
5.62,0.881345425
5.63,0.258507877
5.64,0.615994129
5.65,0.102618834
5.66,0.436227743
5.67,0.888519169
5.68,0.764743714
5.69,0.667609591
5.7,0.605525385
5.71,0.006354536
5.72,0.832541854
5.73,0.927433326
5.74,0.241675775
5.75,0.769611566
5.76,0.734376832
5.77,0.069294706
5.78,0.530554574
5.79,0.602377267
5.8,0.369695122
5.81,0.529041889
5.82,0.43001894
5.83,0.35795611
5.84,0.666242026
5.85,0.362565714
5.86,0.393598122
5.87,0.922759741
5.88,0.730977831
5.89,0.730830391
5.9,0.387108282
5.91,0.863541634
5.92,0.634502031
5.93,0.651212044
5.94,0.150067536
5.95,0.787972701
5.96,0.692623399
5.97,0.547044788
5.98,0.353171365
5.99,0.373481945
6,0.593909187
6.01,0.04225563
6.02,0.785900125
6.03,0.115298323
6.04,0.394047587
6.05,0.809807149
6.06,0.350174045
6.07,0.776728261
6.08,0.742454488
6.09,0.140049908
6.1,0.904713485
6.11,0.391620597
6.12,0.628943007
6.13,0.00783783
6.14,0.507002109
6.15,0.293229974
6.16,0.938175932
6.17,0.022317464
6.18,0.521699816
6.19,0.179153358
6.2,0.149311966
6.21,0.829657407
6.22,0.885950026
6.23,0.649906799
6.24,0.967177847
6.25,0.552284216
6.26,0.940097793
6.27,0.020421748
6.28,0.944983903
6.29,0.609160188
6.3,0.02444378
6.31,0.182799837
6.32,0.554842669
6.33,0.904756139
6.34,0.623699731
6.35,0.323864997
6.36,0.208698778
6.37,0.032429644
6.38,0.919887711
6.39,0.840401655
6.4,0.580132567
6.41,0.975028058
6.42,0.75008698
6.43,0.167122369
6.44,0.625096878
6.45,0.299983694
6.46,0.374008672
6.47,0.02137991
6.48,0.641865064
6.49,0.447748172
6.5,0.762886725
6.51,0.194353926
6.52,0.734254595
6.53,0.297744469
6.54,0.820072004
6.55,0.467192817
6.56,0.978488049
6.57,0.120123925
6.58,0.154702131
6.59,0.817972849
6.6,0.421440786
6.61,0.285832559
6.62,0.449867714
6.63,0.801425149
6.64,0.326439326
6.65,0.136217766
6.66,0.082364728
6.67,0.143791552
6.68,0.235567913
6.69,0.692454123
6.7,0.346552734
6.71,0.4659158
6.72,0.682517521
6.73,0.742856294
6.74,0.382788989
6.75,0.982910846
6.76,0.201228318
6.77,0.353365978
6.78,0.978438784
6.79,0.280683523
6.8,0.234604354
6.81,0.307394654
6.82,0.092434257
6.83,0.711485338
6.84,0.556266661
6.85,0.116608961
6.86,0.683350842
6.87,0.074321025
6.88,0.902734606
6.89,0.516735293
6.9,0.903966693
6.91,0.603427586
6.92,0.204577105
6.93,0.081603625
6.94,0.083605728
6.95,0.290987061
6.96,0.675655638
6.97,0.0934974
6.98,0.727481319
6.99,0.021896303
7,0.459916436
7.01,0.038823598
7.02,0.918499882
7.03,0.992650348
7.04,0.470362965
7.05,0.586392416
7.06,0.305697442
7.07,0.257799372
7.08,0.749846186
7.09,0.975388722
7.1,0.019371565
7.11,0.905107369
7.12,0.398448872
7.13,0.965785871
7.14,0.552220905
7.15,0.260679452
7.16,0.188117634
7.17,0.14091868
7.18,0.009592054
7.19,0.605608711
7.2,0.530018806
7.21,0.335234717
7.22,0.045003872
7.23,0.511956093
7.24,0.464132419
7.25,0.94049072
7.26,0.11663204
7.27,0.018351117
7.28,0.145956431
7.29,0.04590066
7.3,0.393327579
7.31,0.510498813
7.32,0.723891082
7.33,0.464816104
7.34,0.364286742
7.35,0.165307031
7.36,0.867691265
7.37,0.281428952
7.38,0.077438491
7.39,0.315791554
7.4,0.754394078
7.41,0.690809826
7.42,0.970375117
7.43,0.187810176
7.44,0.024890263
7.45,0.789556063
7.46,0.641670221
7.47,0.922326247
7.48,0.998685201
7.49,0.411391357
7.5,0.671539436
7.51,0.192910177
7.52,0.214105453
7.53,0.909931807
7.54,0.466586616
7.55,0.675368043
7.56,0.916514145
7.57,0.624102133
7.58,0.236869356
7.59,0.200076629
7.6,0.341180081
7.61,0.21768983
7.62,0.03144494
7.63,0.245025426
7.64,0.887096314
7.65,0.408190042
7.66,0.408991756
7.67,0.628232091
7.68,0.186688421
7.69,0.576777362
7.7,0.134767052
7.71,0.43036623
7.72,0.783930566
7.73,0.04236375
7.74,0.919272281
7.75,0.374666386
7.76,0.406089401
7.77,0.367740673
7.78,0.592870848
7.79,0.966827209
7.8,0.95674478
7.81,0.303850523
7.82,0.949660175
7.83,0.416311121
7.84,0.080268445
7.85,0.80244125
7.86,0.600440959
7.87,0.557464182
7.88,0.262193857
7.89,0.895189401
7.9,0.550544169
7.91,0.902958192
7.92,0.813126687
7.93,0.161411029
7.94,0.761618262
7.95,0.3719912
7.96,0.889923987
7.97,0.33443023
7.98,0.59976323
7.99,0.568583474
8,0.46385264
8.01,0.949484985
8.02,0.500912103
8.03,0.442747154
8.04,0.634646496
8.05,0.223901543
8.06,0.335900118
8.07,0.957196057
8.08,0.495949882
8.09,0.416156306
8.1,0.787666921
8.11,0.028652364
8.12,0.769179471
8.13,0.901952794
8.14,0.828793513
8.15,0.20608113
8.16,0.729480081
8.17,0.54982871
8.18,0.978792078
8.19,0.063457422
8.2,0.622125181
8.21,0.486619242
8.22,0.770321946
8.23,0.109741945
8.24,0.166924678
8.25,0.589423606
8.26,0.988419107
8.27,0.628364713
8.28,0.353136332
8.29,0.240241256
8.3,0.992042306
8.31,0.258259894
8.32,0.794341545
8.33,0.440900547
8.34,0.855932013
8.35,0.684024134
8.36,0.61768889
8.37,0.199321878
8.38,0.826618859
8.39,0.039275725
8.4,0.183577694
8.41,0.892673251
8.42,0.677277218
8.43,0.8989906
8.44,0.394713675
8.45,0.335306933
8.46,0.890349524
8.47,0.460456575
8.48,0.247861302
8.49,0.943967577
8.5,0.162166827
8.51,0.137495027
8.52,0.805520711
8.53,0.373005471
8.54,0.342534555
8.55,0.128564257
8.56,0.058424168
8.57,0.585122638
8.58,0.685323433
8.59,0.339490188
8.6,0.179802024
8.61,0.443948197
8.62,0.593675802
8.63,0.654303531
8.64,0.080541968
8.65,0.57864138
8.66,0.73730084
8.67,0.127264642
8.68,0.379682139
8.69,0.647314874
8.7,0.355120751
8.71,0.380151941
8.72,0.034653322
8.73,0.614034512
8.74,0.204432147
8.75,0.0464795
8.76,0.647194815
8.77,0.524037754
8.78,0.20099372
8.79,0.418568181
8.8,0.408187652
8.81,0.021288851
8.82,0.151405741
8.83,0.446854232
8.84,0.488524983
8.85,0.704295918
8.86,0.551414051
8.87,0.735178576
8.88,0.955360035
8.89,0.074199087
8.9,0.210916258
8.91,0.862951835
8.92,0.1907278
8.93,0.784671611
8.94,0.153394189
8.95,0.453526458
8.96,0.44307421
8.97,0.367805185
8.98,0.518229378
8.99,0.129063162
9,0.408267846
9.01,0.805358066
9.02,0.229749557
9.03,0.757239678
9.04,0.565194795
9.05,0.124535904
9.06,0.736862628
9.07,0.776734672
9.08,0.832410151
9.09,0.272428047
9.1,0.095156118
9.11,0.30080693
9.12,0.381568743
9.13,0.978245557
9.14,0.701473653
9.15,0.963039837
9.16,0.282849724
9.17,0.21308967
9.18,0.675324255
9.19,0.97466252
9.2,0.870228328
9.21,0.297943544
9.22,0.505894264
9.23,0.911014221
9.24,0.638671215
9.25,0.339923894
9.26,0.945206518
9.27,0.562781995
9.28,0.170958566
9.29,0.354881485
9.3,0.459975774
9.31,0.929715169
9.32,0.814085166
9.33,0.839856261
9.34,0.91763224
9.35,0.446909168
9.36,0.247854172
9.37,0.452111434
9.38,0.672021654
9.39,0.735191932
9.4,0.406595917
9.41,0.76455309
9.42,0.854304762
9.43,0.990300411
9.44,0.828515806
9.45,0.679619794
9.46,0.090698096
9.47,0.593909316
9.48,0.507993155
9.49,0.878153344
9.5,0.276443636
9.51,0.754110468
9.52,0.19668099
9.53,0.504313426
9.54,0.939789898
9.55,0.196600136
9.56,0.344176393
9.57,0.950882238
9.58,0.72699965
9.59,0.868269103
9.6,0.215329216
9.61,0.12982211
9.62,0.804762319
9.63,0.925992073
9.64,0.868354885
9.65,0.437145929
9.66,0.752004411
9.67,0.613022898
9.68,0.351329335
9.69,0.843545769
9.7,0.337437936
9.71,0.819885773
9.72,0.3860057
9.73,0.148111512
9.74,0.791515563
9.75,0.656764068
9.76,0.280265542
9.77,0.381993161
9.78,0.071566253
9.79,0.286956524
9.8,0.870671025
9.81,0.78006877
9.82,0.412388094
9.83,0.732838469
9.84,0.504586004
9.85,0.508305307
9.86,0.728983827
9.87,0.902046554
9.88,0.837543039
9.89,0.136841167
9.9,0.019272738
9.91,0.374379398
9.92,0.227841143
9.93,0.897786249
9.94,0.882286648
9.95,0.608922287
9.96,0.549547103
9.97,0.827697284
9.98,0.046817011
9.99,0.517650971
10,0.829204657
10.01,0.990895562
10.02,0.806046815
10.03,0.817442574
10.04,0.391198695
10.05,0.148452831
10.06,0.301701727
10.07,0.776795242
10.08,0.671657464
10.09,0.826939566
10.1,0.920696757
10.11,0.722041054
10.12,0.654018493
10.13,0.822191426
10.14,0.808548871
10.15,0.318509152
10.16,0.285739175
10.17,0.667302512
10.18,0.941949779
10.19,0.806522881
10.2,0.467068248
10.21,0.005247699
10.22,0.504057956
10.23,0.915932015
10.24,0.377673634
10.25,0.582924081
10.26,0.874285371
10.27,0.873755137
10.28,0.801903381
10.29,0.154763114
10.3,0.397857348
10.31,0.274972738
10.32,0.958587435
10.33,0.793791045
10.34,0.737649482
10.35,0.796908405
10.36,0.202308076
10.37,0.391984946
10.38,0.307732703
10.39,0.485792969
10.4,0.292952006
10.41,0.14874495
10.42,0.07798447
10.43,0.842112438
10.44,0.786225198
10.45,0.440226889
10.46,0.176780454
10.47,0.653882718
10.48,0.043911425
10.49,0.749999277
10.5,0.448471655
10.51,0.220204095
10.52,0.894746699
10.53,0.600455107
10.54,0.355049099
10.55,0.827771664
10.56,0.741973985
10.57,0.054207945
10.58,0.305763383
10.59,0.523602393
10.6,0.038097397
10.61,0.222376926
10.62,0.639540616
10.63,0.727771658
10.64,0.905637807
10.65,0.511643997
10.66,0.835304621
10.67,0.103247523
10.68,0.956196552
10.69,0.593642066
10.7,0.933902419
10.71,0.051678525
10.72,0.971049836
10.73,0.308125449
10.74,0.300002351
10.75,0.232895833
10.76,0.617363778
10.77,0.797355881
10.78,0.949298669
10.79,0.222945254
10.8,0.239582457
10.81,0.51961734
10.82,0.456575861
10.83,0.461023517
10.84,0.191517254
10.85,0.785378864
10.86,0.691756498
10.87,0.108884543
10.88,0.029068886
10.89,0.757358774
10.9,0.20544736
10.91,0.777368181
10.92,0.816911143
10.93,0.431088512
10.94,0.79146744
10.95,0.190294002
10.96,0.502031548
10.97,0.232468381
10.98,0.153705422
10.99,0.273902383
11,0.221431342
11.01,0.283104403
11.02,0.420160947
11.03,0.240095369
11.04,0.823741335
11.05,0.363690451
11.06,0.166164184
11.07,0.015209672
11.08,0.562526254
11.09,0.945041334
11.1,0.303544125
11.11,0.449784246
11.12,0.029170487
11.13,0.232971574
11.14,0.240985832
11.15,0.110054796
11.16,0.114204494
11.17,0.563909558
11.18,0.094671519
11.19,0.258316763
11.2,0.013214414
11.21,0.469210563
11.22,0.390407139
11.23,0.05506473
11.24,0.9403374
11.25,0.566868381
11.26,0.92747175
11.27,0.701121056
11.28,0.565319652
11.29,0.403399502
11.3,0.735221325
11.31,0.526423741
11.32,0.99781667
11.33,0.97560899
11.34,0.173984565
11.35,0.243796555
11.36,0.758693837
11.37,0.643650472
11.38,0.899473622
11.39,0.463322393
11.4,0.315238911
11.41,0.348597733
11.42,0.674508554
11.43,0.563236894
11.44,0.54964746
11.45,0.446078146
11.46,0.327714655
11.47,0.276512345
11.48,0.859972565
11.49,0.883727696
11.5,0.021005307
11.51,0.214905275
11.52,0.955024823
11.53,0.445299132
11.54,0.062102165
11.55,0.061593135
11.56,0.460227282
11.57,0.799814745
11.58,0.750518105
11.59,0.3895624
11.6,0.745191359
11.61,0.972959822
11.62,0.124638254
11.63,0.922127073
11.64,0.932356649
11.65,0.444361805
11.66,0.67645266
11.67,0.687264269
11.68,0.943319387
11.69,0.147911581
11.7,0.188487515
11.71,0.083657264
11.72,0.448595731
11.73,0.230667551
11.74,0.515894316
11.75,0.360045278
11.76,0.031950581
11.77,0.22750823
11.78,0.844643052
11.79,0.414620642
11.8,0.867459406
11.81,0.479221538
11.82,0.926451574
11.83,0.102096799
11.84,0.782192899
11.85,0.376607645
11.86,0.741871599
11.87,0.290207194
11.88,0.096223453
11.89,0.170401738
11.9,0.245491965
11.91,0.097533144
11.92,0.817071479
11.93,0.541413803
11.94,0.327593521
11.95,0.543404675
11.96,0.746665569
11.97,0.187615253
11.98,0.682198159
11.99,0.919738651
12,0.448884653
12.01,0.675448295
12.02,0.681221371
12.03,0.470497969
12.04,0.943162545
12.05,0.009188493
12.06,0.500860431
12.07,0.782541322
12.08,0.417795687
12.09,0.356408404
12.1,0.039037724
12.11,0.911598253
12.12,0.017748089
12.13,0.832186643
12.14,0.966688649
12.15,0.944684169
12.16,0.610744252
12.17,0.900629038
12.18,0.828727385
12.19,0.663049793
12.2,0.486745687
12.21,0.257835061
12.22,0.850996574
12.23,0.327279892
12.24,0.720209389
12.25,0.781282795
12.26,0.542032877
12.27,0.342085967
12.28,0.902207597
12.29,0.454482736
12.3,0.967835848
12.31,0.810051906
12.32,0.416182431
12.33,0.792026187
12.34,0.833419739
12.35,0.328264845
12.36,0.144237871
12.37,0.487392035
12.38,0.967526984
12.39,0.260475472
12.4,0.736679183
12.41,0.221041092
12.42,0.058798645
12.43,0.304993577
12.44,0.229302748
12.45,0.48895527
12.46,0.009062677
12.47,0.767707655
12.48,0.457720533
12.49,0.865794913
12.5,0.461149533
12.51,0.804309314
12.52,0.853659366
12.53,0.660371005
12.54,0.462502425
12.55,0.488106978
12.56,0.238040772
12.57,0.805810259
12.58,0.415474184
12.59,0.112472165
12.6,0.466171675
12.61,0.655409605
12.62,0.284594641
12.63,0.314052512
12.64,0.68593885
12.65,0.300245863
12.66,0.973136236
12.67,0.446869779
12.68,0.140140012
12.69,0.335542805
12.7,0.296657927
12.71,0.846963377
12.72,0.890978925
12.73,0.152271961
12.74,0.543996765
12.75,0.053134127
12.76,0.122864921
12.77,0.02407047
12.78,0.424035077
12.79,0.105160533
12.8,0.631324038
12.81,0.618374019
12.82,0.023157777
12.83,0.677802713
12.84,0.79094736
12.85,0.241735031
12.86,0.821484047
12.87,0.774453758
12.88,0.187875959
12.89,0.870525794
12.9,0.125250096
12.92,0.179311983
12.93,0.77217365
12.94,0.728149482
12.95,0.988050983
12.96,0.073301557
12.97,0.785409638
12.98,0.478085215
12.99,0.119659032
13,0.165492556
13.01,0.707914972
13.02,0.519917075
13.03,0.998537589
13.04,0.221509024
13.05,0.137789882
13.06,0.352055951
13.07,0.135276542
13.08,0.715676385
13.09,0.108584267
13.1,0.503568929
13.11,0.202849466
13.12,0.177134719
13.13,0.120168629
13.14,0.596288917
13.15,0.524147549
13.16,0.579386996
13.17,0.325138597
13.18,0.675807287
13.19,0.988372911
13.2,0.434891376
13.21,0.818138815
13.22,0.706565091
13.23,0.501200736
13.24,0.300907969
13.25,0.95439264
13.26,0.922067709
13.27,0.469694135
13.28,0.5222564
13.29,0.730077598
13.3,0.068005572
13.31,0.752629661
13.32,0.220971011
13.33,0.445448041
13.34,0.342505509
13.35,0.42553301
13.36,0.256458822
13.37,0.938343119
13.38,0.766623363
13.39,0.118710792
13.4,0.373136788
13.41,0.825955217
13.42,0.62753509
13.43,0.265989454
13.44,0.786036219
13.45,0.729698202
13.46,0.18853429
13.47,0.723969093
13.48,0.985861085
13.49,0.798680116
13.5,0.345360511
13.51,0.388790192
13.52,0.482149844
13.53,0.263851137
13.54,0.550946695
13.55,0.676731425
13.56,0.129707698
13.57,0.932155772
13.58,0.028141823
13.59,0.403383951
13.6,0.058387036
13.61,0.00651137
13.62,0.24015361
13.63,0.703514291
13.64,0.961520418
13.65,0.645691788
13.66,0.4891918
13.67,0.94649109
13.68,0.491404079
13.69,0.625359532
13.7,0.799712372
13.71,0.514069436
13.72,0.16680734
13.73,0.960147435
13.74,0.921725659
13.75,0.453203928
13.76,0.352047348
13.77,0.162358224
13.78,0.761747965
13.79,0.005323702
13.8,0.897143242
13.81,0.583268206
13.82,0.746880902
13.83,0.689271124
13.84,0.192878277
13.85,0.87851649
13.86,0.501416275
13.87,0.285889606
13.88,0.665510906
13.89,0.203507281
13.9,0.26516891
13.91,0.435624531
13.92,0.577726389
13.93,0.252005972
13.94,0.104954126
13.95,0.243584934
13.96,0.858520613
13.97,0.303098888
13.98,0.433521552
13.99,0.094687926
14,0.102062756
14.01,0.69200716
14.02,0.365860794
14.03,0.270863366
14.04,0.325926904
14.05,0.923077176
14.06,0.093031439
14.07,0.700355183
14.08,0.430338197
14.09,0.908791093
14.1,0.341497276
14.11,0.54506685
14.12,0.029053044
14.13,0.052087757
14.14,0.128931336
14.15,0.093833209
14.16,0.484519664
14.17,0.888221666
14.18,0.256864042
14.19,0.915294064
14.2,0.502768973
14.21,0.114059953
14.22,0.473470388
14.23,0.11842906
14.24,0.012796447
14.25,0.819613369
14.26,0.270323731
14.27,0.771181106
14.28,0.167758785
14.29,0.96612824
14.3,0.956594132
14.31,0.646215216
14.32,0.335210838
14.33,0.361219914
14.34,0.090088067
14.35,0.919080088
14.36,0.628703499
14.37,0.445854664
14.38,0.874075337
14.39,0.026349298
14.4,0.696093432
14.41,0.862462874
14.42,0.247147434
14.43,0.371756688
14.44,0.500855732
14.45,0.35702856
14.46,0.646304451
14.47,0.702136179
14.48,0.833778333
14.49,0.58703824
14.5,0.993012417
14.51,0.061794862
14.52,0.169534338
14.53,0.744507736
14.54,0.985311531
14.55,0.652180659
14.56,0.327015891
14.57,0.791420646
14.58,0.100946611
14.59,0.083855632
14.6,0.186276085
14.61,0.344455041
14.62,0.12123648
14.63,0.959666524
14.64,0.041516253
14.65,0.737445721
14.66,0.620235608
14.67,0.142408029
14.68,0.373505837
14.69,0.654235749
14.7,0.767761649
14.71,0.751517617
14.72,0.535228343
14.73,0.267771098
14.74,0.513766691
14.75,0.31950212
14.76,0.515927785
14.77,0.065098428
14.78,0.164191529
14.79,0.156067278
14.8,0.692013056
14.81,0.777232247
14.82,0.036928918
14.83,0.056354958
14.84,0.693980226
14.85,0.394488665
14.86,0.161300806
14.87,0.039539021
14.88,0.960002979
14.89,0.724164857
14.9,0.542388561
14.91,0.659818144
14.92,0.380175177
14.93,0.093675962
14.94,0.792876682
14.95,0.91370526
14.96,0.805125013
14.97,0.464076203
14.98,0.534546162
14.99,0.877885843
15,0.749254062
15.01,0.960300161
15.02,0.070731656
15.03,0.784844587
15.04,0.457159751
15.05,0.373611345
15.06,0.205215421
15.07,0.490270089
15.08,0.330125631
15.09,0.623960019
15.1,0.892391153
15.11,0.80392612
15.12,0.351408596
15.13,0.566414193
15.14,0.519283041
15.15,0.976706423
15.16,0.149563247
15.17,0.147428487
15.18,0.963959683
15.19,0.199568343
15.2,0.441950544
15.21,0.423074837
15.22,0.116042612
15.23,0.78083882
15.24,0.637535888
15.25,0.394405417
15.26,0.176014707
15.27,0.06949973
15.28,0.084186332
15.29,0.077766212
15.3,0.208749018
15.31,0.432252937
15.32,0.809005476
15.33,0.262165912
15.34,0.998525526
15.35,0.955983404
15.36,0.229356281
15.37,0.733387471
15.38,0.675348712
15.39,0.791912112
15.4,0.012938408
15.41,0.210085116
15.42,0.661334216
15.43,0.519411733
15.44,0.794196526
15.45,0.938513518
15.46,0.075304548
15.47,0.165056275
15.48,0.791149206
15.49,0.429246666
15.5,0.076776879
15.51,0.915588182
15.52,0.811919615
15.53,0.013410574
15.54,0.284482176
15.55,0.04314076
15.56,0.965971378
15.57,0.637808246
15.58,0.215901576
15.59,0.449074606
15.6,0.980371551
15.61,0.174279623
15.62,0.806142737
15.63,0.990778041
15.64,0.561496767
15.65,0.770961903
15.66,0.802518976
15.67,0.12248284
15.68,0.312296546
15.69,0.357704543
15.7,0.289025929
15.71,0.279158049
15.72,0.37430886
15.73,0.427273134
15.74,0.559129352
15.75,0.720215245
15.76,0.785969644
15.77,0.582651785
15.78,0.251919996
15.79,0.958245153
15.8,0.909028238
15.81,0.517112475
15.82,0.108407473
15.83,0.208603468
15.84,0.045613719
15.85,0.278640185
15.86,0.821900113
15.87,0.845606139
15.88,0.086394422
15.89,0.534101588
15.9,0.237879209
15.91,0.969061906
15.92,0.829110796
15.93,0.299648108
15.94,0.751153463
15.95,0.618885311
15.96,0.535357782
15.97,0.924891945
15.98,0.915802701
15.99,0.583200271
16,0.363505918
16.01,0.872171429
16.02,0.078816178
18.71,0.90742437
18.72,0.020040521
18.73,0.514210705
18.74,0.879150114
18.75,0.139981735
18.76,0.697377371
18.77,0.191535922
18.78,0.450977044
18.79,0.236207125
18.8,0.764058317
18.81,0.686345115
18.82,0.229961045
18.83,0.523969942
18.84,0.144059348
18.85,0.018723481
18.86,0.902591319
18.87,0.897036909
18.88,0.742501393
18.89,0.505444623
18.9,0.296825358
18.91,0.546111097
18.92,0.427415062
18.93,0.777189687
18.94,0.798052019
18.95,0.389640473
18.96,0.252633798
18.97,0.744520468
18.98,0.532618385
18.99,0.89844934
19,0.163310803
19.01,0.37748138
19.02,0.185894542
19.03,0.121632418
19.04,0.94154042
19.05,0.609175782
19.06,0.045304068
19.07,0.185343126
19.08,0.822405957
19.09,0.712160069
19.1,0.885032734
19.11,0.300980763
19.12,0.438745931
19.13,0.561768496
19.14,0.745278122
19.15,0.043095129
19.16,0.629960462
19.17,0.570235262
19.18,0.42507733
19.19,0.377182384
19.2,0.912135109
19.21,0.967189209
19.22,0.323593529
19.23,0.510839043
19.24,0.58237318
19.25,0.771514245
19.26,0.529260776
19.27,0.70835683
19.28,0.304757315
19.29,0.792863609
19.3,0.221358095
19.31,0.379403165
19.32,0.768568941
19.33,0.901992632
19.34,0.464375552
19.35,0.03548492
19.36,0.234727962
19.37,0.97040151
19.38,0.736854662
19.39,0.826680927
19.4,0.704216979
19.41,0.288891112
19.42,0.687621275
19.43,0.932890925
19.44,0.796240692
19.45,0.073817626
19.46,0.481046249
19.47,0.91428623
19.48,0.864226969
19.49,0.624807043
19.5,0.192514957
19.51,0.996829056
19.52,0.873163292
19.53,0.659771608
19.54,0.8522453
19.55,0.365591146
19.56,0.170211048
19.57,0.838956077
19.58,0.61424421
19.59,0.720760546
19.6,0.815872175
19.61,0.960403564
19.62,0.61710748
19.63,0.391907162
19.64,0.164344434
19.65,0.024655456
19.66,0.307427296
19.67,0.920044494
19.68,0.471356646
19.69,0.138649405
19.7,0.31762693
19.71,0.948440431
19.72,0.54787826
19.73,0.325582686
19.74,0.960715471
19.75,0.246445803
19.76,0.851357941
19.77,0.135955681
19.78,0.906787961
19.79,0.298591643
19.8,0.637586007
19.81,0.067497834
19.82,0.881154828
19.83,0.502414348
19.84,0.568534675
19.85,0.645301829
19.86,0.564681956
19.87,0.45412793
19.88,0.433668375
19.89,0.210890822
19.9,0.653169666
19.91,0.034057662
19.92,0.881875544
19.93,0.529514023
19.94,0.216556209
19.95,0.099563676
19.96,0.249206974
19.97,0.900440674
19.98,0.727829572
19.99,0.753330414
20,0.821622308
20.01,0.101713214
20.02,0.272826446
20.03,0.073416859
20.04,0.838544528
20.05,0.060120531
20.06,0.352699614
20.07,0.614253004
20.08,0.027183226
20.09,0.339785971
20.1,0.092864503
20.11,0.170568516
20.12,0.875046109
20.13,0.638245645
20.14,0.12583005
20.15,0.112933397
20.16,0.160321955
20.17,0.225472513
20.18,0.707585392
20.19,0.949869047
20.2,0.289898258
20.21,0.353671218
20.22,0.984605531
20.23,0.326968332
20.24,0.454477525
20.25,0.526090799
20.26,0.4075516
20.27,0.241555728
20.28,0.188243887
20.29,0.950108851
20.3,0.326660737
20.31,0.910861922
20.32,0.046424602
20.33,0.200962732
20.34,0.688957764
20.35,0.628553694
20.36,0.81981374
20.37,0.713206175
20.38,0.435325437
20.39,0.307830715
20.4,0.209595415
20.41,0.142662692
20.42,0.555291536
20.43,0.773651474
20.44,0.435107234
20.45,0.026156934
20.46,0.222970299
20.47,0.729596565
20.48,0.358957895
20.49,0.257343604
20.5,0.275949126
20.51,0.435867513
20.52,0.375982335
20.53,0.648073596
20.54,0.960894341
20.55,0.632255196
20.56,0.472271432
20.57,0.385399803
20.58,0.050930651
20.59,0.50232345
20.6,0.575638081
20.61,0.221048712
20.62,0.908179812
20.63,0.222593814
20.64,0.271507438
20.65,0.386204067
20.66,0.440885957
20.67,0.722561158
20.68,0.447236361
20.69,0.469108452
20.7,0.24651419
20.71,0.047478313
20.72,0.876649645
20.73,0.963824882
20.74,0.209112319
20.75,0.79685803
20.76,0.399611282
20.77,0.039543559
20.78,0.910639501
20.79,0.124957959
20.8,0.018342797
20.81,0.135239325
20.82,0.056611854
20.83,0.063191314
20.84,0.452976446
20.85,0.546888369
20.86,0.784309727
20.87,0.02607322
20.88,0.966507667
20.89,0.238652314
20.9,0.841092807
20.91,0.568513568
20.92,0.767214552
20.93,0.565226425
20.94,0.042600295
20.95,0.960194871
20.96,0.929199254
20.97,0.043801267
20.98,0.202405474
20.99,0.510718673
21,0.312834227
21.01,0.323874844
21.02,0.348060507
21.03,0.544889089
21.04,0.260586252
21.05,0.069142776
21.06,0.373008597
21.07,0.497604527
21.08,0.878623947
21.09,0.403287138
21.1,0.540584411
21.11,0.904448768
21.12,0.317616461
21.13,0.245930575
21.14,0.021308316
21.15,0.60862993
21.16,0.74058219
21.17,0.62724458
21.18,0.885072372
21.19,0.688496766
21.2,0.362555334
21.21,0.845030168
21.22,0.809894032
21.23,0.611607141
21.24,0.607465284
21.25,0.000348452
21.26,0.078704602
21.27,0.037778735
21.28,0.439798023
21.29,0.016585124
21.3,0.864258977
21.31,0.855852206
21.32,0.532654927
21.33,0.002916417
21.34,0.43110311
21.35,0.920908294
21.36,0.138024471
21.37,0.934881292
21.38,0.371576101
21.39,0.717019448
21.4,0.099109323
21.41,0.283249609
21.42,0.01551019
21.43,0.970164776
21.44,0.142619047
21.45,0.003471769
21.46,0.596560757
21.47,0.468038618
21.48,0.688589336
21.49,0.747467291
21.5,0.08274853
21.51,0.19613597
21.52,0.464470231
21.53,0.95873466
21.54,0.03427316
21.55,0.22578758
21.56,0.175069228
21.57,0.390908669
21.58,0.902231548
21.59,0.963558828
21.6,0.001536573
21.61,0.226776364
21.62,0.776023551
21.63,0.99049828
21.64,0.499075427
21.65,0.871468206
21.66,0.476124545
21.67,0.91235257
21.68,0.44867628
21.69,0.576601629
21.7,0.95967418
21.71,0.348231286
21.72,0.978711436
21.73,0.763489951
21.74,0.903344433
21.75,0.493691193
21.76,0.617166467
21.77,0.064798618
21.78,0.690431815
21.79,0.640898287
21.8,0.019546831
21.81,0.693619048
21.82,0.400585084
21.83,0.913294584
21.84,0.507917116
21.85,0.093176448
21.86,0.4601113
21.87,0.484407673
21.88,0.704452499
21.89,0.584236861
21.9,0.212964845
21.91,0.512542294
21.92,0.764329119
21.93,0.297191431
21.94,0.533987288
21.95,0.368519795
21.96,0.182041507
21.97,0.601069051
21.98,0.111606005
21.99,0.105791028
22,0.375813343
22.01,0.504138287
22.02,0.978657539
22.03,0.856173324
22.04,0.378515146
22.05,0.976947556
22.06,0.402958586
22.07,0.576991233
22.08,0.655442158
22.09,0.730173078
22.1,0.156021995
22.11,0.673152765
22.12,0.815515552
22.13,0.659711197
22.14,0.187133649
22.15,0.643278375
22.16,0.084751896
22.17,0.709376212
22.18,0.882260773
22.19,0.952865906
22.2,0.716472227
22.21,0.648079509
22.22,0.849859854
22.23,0.097278033
22.24,0.591232035
22.25,0.461851779
22.26,0.33863805
22.27,0.102215195
22.28,0.073803565
22.29,0.078567389
22.3,0.379407694
22.31,0.919206278
22.32,0.468571395
22.33,0.148175932
22.34,0.573744374
22.35,0.559464468
22.36,0.347611518
24.29,0.124160647
24.3,0.30139892
24.31,0.687607232
24.32,0.826262611
24.33,0.34585259
24.34,0.359090878
24.35,0.167746757
24.36,0.309752982
24.37,0.583796175
24.38,0.316224579
24.39,0.57148083
24.4,0.458199227
24.41,0.411687093
24.42,0.534467948
24.43,0.318094543
24.44,0.855902682
24.45,0.194387865
24.46,0.637661476
24.47,0.104922672
24.48,0.67357079
24.49,0.060178102
24.5,0.699037452
24.51,0.385987064
24.52,0.419841975
24.53,0.642946073
24.54,0.56031995
24.55,0.25061945
24.56,0.457983947
24.57,0.35380313
24.58,0.218658493
24.59,0.088658235
24.6,0.932956522
24.61,0.172299151
24.62,0.509864107
24.63,0.346507681
24.64,0.037232331
24.65,0.971984281
24.66,0.547021805
24.67,0.265189178
24.68,0.418170149
24.69,0.588858323
24.7,0.315568801
24.71,0.170488774
24.72,0.814240629
24.73,0.127022365
24.74,0.3527549
24.75,0.624707737
24.76,0.09177817
24.77,0.430180219
24.78,0.436501555
24.79,0.230514052
24.8,0.89764777
24.81,0.013335007
24.82,0.030564745
24.83,0.533766424
24.84,0.054019857
24.85,0.078808106
24.86,0.919701028
24.87,0.47906139
24.88,0.583239426
24.89,0.412507544
24.9,0.265649082
24.91,0.526349975
24.92,0.150098812
24.93,0.068690219
24.94,0.993882443
24.95,0.112860098
24.96,0.600555143
24.97,0.586304098
24.98,0.95908959
24.99,0.730138779
25,0.554411091
25.01,0.327400534
25.02,0.311970588
25.03,0.036075379
25.04,0.782532994
25.05,0.175244308
25.06,0.784737366
25.07,0.435755594
25.08,0.647952009
25.09,0.342463942
25.1,0.733753574
25.11,0.652760487
25.12,0.326845502
25.13,0.48140221
25.14,0.373724674
25.15,0.016081875
25.16,0.849053694
25.17,0.656639286
25.18,0.898782105
25.19,0.490488677
25.2,0.868532729
25.21,0.454186787
25.22,0.350286744
25.23,0.562700005
25.24,0.334577345
25.25,0.142965853
25.26,0.230504941
25.27,0.61837993
25.28,0.26317677
25.29,0.252217493
25.3,0.977670367
25.31,0.832667415
25.32,0.249318632
25.33,0.993510148
25.34,0.62158001
25.35,0.475089285
25.36,0.81963133
25.37,0.146926376
25.38,0.761236884
25.39,0.171300892
25.4,0.965201304
25.41,0.069027355
25.42,0.242647991
25.43,0.827886026
25.44,0.793640903
25.45,0.381845219
25.46,0.860318088
25.47,0.531634577
25.48,0.070652534
25.49,0.383118558
25.5,0.153259398
25.51,0.185144899
25.52,0.889222255
25.53,0.641492203
25.54,0.802636334
25.55,0.777457263
25.56,0.990604778
25.57,0.159979622
25.58,0.603828932
25.59,0.68213678
25.6,0.915655968
25.61,0.817021171
25.62,0.249223642
25.63,0.301905885
25.64,0.676600672
25.65,0.199235731
25.66,0.457769813
25.67,0.966854091
25.68,0.884680406
25.69,0.660050097
25.7,0.889084557
25.71,0.776628925
25.72,0.671816451
25.73,0.278174359
25.74,0.05795844
25.75,0.414277978
25.76,0.831409246
25.77,0.647781758
25.78,0.339007228
25.79,0.11919289
25.8,0.009743912
25.81,0.054238687
25.82,0.394313217
25.83,0.286992006
25.84,0.744548865
25.85,0.891737377
25.86,0.589215146
25.87,0.567134843
25.88,0.224582061
25.89,0.664147074
25.9,0.238379218
25.91,0.823961706
25.92,0.332865399
25.93,0.30906134
25.94,0.710741774
25.95,0.628744571
25.96,0.690733236
25.97,0.455943144
25.98,0.490817484
25.99,0.59316724
26,0.49845052
26.01,0.938569746
26.02,0.255174456
26.03,0.121886857
26.04,0.91015551
26.05,0.528340882
26.06,0.315667958
26.07,0.32800416
26.08,0.332297697
26.09,0.971949421
26.1,0.515666323
26.11,0.237474056
26.12,0.83710392
26.13,0.691335951
26.14,0.938458583
26.15,0.893012794
26.16,0.619216778
26.17,0.692924972
26.18,0.871500146
26.19,0.723515398
26.2,0.572916531
26.21,0.633807751
26.22,0.226757267
26.23,0.490600563
26.24,0.107155826
26.25,0.433126105
26.26,0.838462171
26.27,0.413172021
26.28,0.668214051
26.29,0.752045804
26.3,0.901071556
26.31,0.807401324
26.32,0.568981116
26.33,0.724092401
26.34,0.509698224
26.35,0.316485511
26.36,0.387123562
26.37,0.690286941
26.38,0.767764335
26.39,0.397121478
26.4,0.258198303
26.41,0.009044791
26.42,0.170333285
26.43,0.877668933
26.44,0.066635808
26.45,0.142936749
26.46,0.28765956
26.47,0.902856869
26.48,0.222026369
26.49,0.181238479
26.5,0.864664127
26.51,0.077852084
26.52,0.918117223
26.53,0.387343358
26.54,0.211555299
26.55,0.563347806
26.56,0.591083272
26.57,0.873195602
26.58,0.746223903
26.59,0.33184895
26.6,0.632984534
26.61,0.481591309
26.62,0.078619404
26.63,0.16216878
26.64,0.110041729
26.65,0.731936232
26.66,0.133704744
26.67,0.174617892
26.68,0.490089116
26.69,0.714471004
26.7,0.637532099
26.71,0.166678558
26.72,0.234148471
26.73,0.218627242
26.74,0.354451468
26.75,0.127822835
26.76,0.041977323
26.77,0.826074422
26.78,0.308005063
26.79,0.079293
26.8,0.038501873
26.81,0.062960923
26.82,0.183634053
26.83,0.535021828
26.84,0.50987665
26.85,0.443347922
26.86,0.42647752
26.87,0.221143536
26.88,0.397323733
26.89,0.059664474
26.9,0.21546377
26.91,0.348236362
26.92,0.726658623
26.93,0.923480149
26.94,0.228272932
26.95,0.199353296
26.96,0.239267915
26.97,0.440296989
26.98,0.905140464
26.99,0.57583323
27,0.735181151
27.01,0.154163579
27.02,0.973765438
27.03,0.505600002
27.04,0.889079917
27.05,0.848848923
27.06,0.844763629
27.07,0.362776178
27.08,0.882173881
27.09,0.823124176
27.1,0.655390988
27.11,0.593813236
27.12,0.999320046
27.13,0.09553305
27.14,0.058249372
27.15,0.569533225
27.16,0.613615099
27.17,0.321662848
27.18,0.918612728
27.19,0.207606336
27.2,0.447736565
27.21,0.194271086
27.22,0.426589454
27.23,0.284492449
27.24,0.122385362
27.25,0.199459046
27.26,0.10998819
27.27,0.013588142
27.28,0.143128736
27.29,0.691723159
27.3,0.718638507
27.31,0.562183161
27.32,0.79764684
27.33,0.439836988
27.34,0.816118429
27.35,0.131696007
27.36,0.734969045
27.37,0.891911099
27.38,0.20273954
27.39,0.563920743
27.4,0.464727222
27.41,0.134085727
27.42,0.994432236
27.43,0.694515639
27.44,0.664004255
27.45,0.938709041
27.46,0.663267414
27.47,0.987772359
27.48,0.862654379
27.49,0.808482717
27.5,0.293403963
27.51,0.247818391
27.52,0.359143115
27.53,0.320175699
27.54,0.159284273
27.55,0.164406101
27.56,0.620454615
27.57,0.113106496
27.58,0.906909468
27.59,0.584169967
27.6,0.086244787
27.61,0.148267302
27.62,0.772118026
27.63,0.01446624
27.64,0.807390725
27.65,0.074761091
27.66,0.531592042
27.67,0.844601069
27.68,0.981600911
27.69,0.891226567
27.7,0.790959055
27.71,0.348217647
27.72,0.872638064
27.73,0.911915939
27.74,0.327196443
27.75,0.453654377
27.76,0.185172315
27.77,0.576427578
27.78,0.848792501
27.79,0.336621989
27.8,0.404535471
27.81,0.66584999
27.82,0.574977055
27.83,0.306885095
27.84,0.691883147
27.85,0.091984691
27.86,0.082666327
27.87,0.517460038
27.88,0.518840833
27.89,0.374377469
27.9,0.298795622
27.91,0.945888452
27.92,0.166665915
27.93,0.013754341
27.94,0.874433401
27.95,0.593562459
27.96,0.896285426
27.97,0.006545181
27.98,0.788517673
27.99,0.219431057
28,0.576143621
28.01,0.267162295
28.02,0.850552221
28.03,0.907015014
28.04,0.649584624
28.05,0.928030095
28.06,0.651593444
28.07,0.040370705
28.08,0.992539652
28.09,0.44154447
28.1,0.728606475
28.11,0.102719673
28.12,0.782894678
28.13,0.790173314
28.14,0.630628059
28.15,0.900383282
28.16,0.59449193
28.17,0.420532368
28.18,0.035757271
28.19,0.759635236
28.2,0.087575517
28.21,0.515499081
28.22,0.398820311
28.23,0.255263315
28.24,0.464977359
28.25,0.363792993
28.26,0.088741119
28.27,0.29467208
28.28,0.783853141
28.29,0.864038325
28.3,0.338605749
28.31,0.193108266
28.32,0.071971678
28.33,0.630801763
28.34,0.329445314
28.35,0.411459146
28.36,0.967986604
28.37,0.749866688
28.38,0.580458329
28.39,0.927494195
28.4,0.456855205
28.41,0.6123525
28.42,0.433252115
28.43,0.383220639
28.44,0.258698875
28.45,0.688829774
28.46,0.475391668
28.47,0.592853267
28.48,0.77005445
28.49,0.227427734
28.5,0.895591262
28.51,0.120089696
28.52,0.917391657
28.53,0.581724794
28.54,0.049675244
28.55,0.62675487
28.56,0.309509419
28.57,0.350037749
28.58,0.549291812
28.59,0.619156872
28.6,0.797210546
28.61,0.220845807
28.62,0.444149437
28.63,0.559425792
28.64,0.250403961
28.65,0.15520918
28.66,0.925440485
28.67,0.522300919
28.68,0.31053885
28.69,0.674371214
28.7,0.461119602
28.71,0.976014848
28.72,0.657956218
28.73,0.371149192
28.74,0.560123521
28.75,0.998379121
28.76,0.503684115
28.77,0.288485607
28.78,0.291007021
28.79,0.416808574
28.8,0.816494986
28.81,0.1806258
28.82,0.539036333
28.83,0.856940679
28.84,0.810921274
28.85,0.963770587
28.86,0.021176376
28.87,0.865915585
28.88,0.704870014
28.89,0.874264404
28.9,0.253080473
28.91,0.026576207
28.92,0.463484625
28.93,0.248271442
28.94,0.202261407
28.95,0.518336664
28.96,0.401395447
28.97,0.047506166
28.98,0.988767786
28.99,0.669790114
29,0.173583325
29.01,0.423557738
29.02,0.313445825
29.03,0.677833685
29.04,0.987224437
29.05,0.31656641
29.06,0.685920194
29.07,0.426681685
29.08,0.314389726
29.09,0.503734069
29.1,0.73879851
29.11,0.44396286
29.12,0.746076209
29.13,0.598566746
29.14,0.317878644
29.15,0.49291557
29.16,0.727726611
29.17,0.663790967
29.18,0.730182788
29.19,0.951721365
29.2,0.9462347
29.21,0.394098574
29.22,0.10072775
29.23,0.714815765
29.24,0.237974883
29.25,0.54658044
29.26,0.006343634
29.27,0.044297437
29.28,0.152245544
29.29,0.230406369
29.3,0.08779035
29.31,0.984932894
29.32,0.631379443
29.33,0.138095821
29.34,0.6695422
29.35,0.268014933
29.36,0.714272989
29.37,0.0458247
29.38,0.376074651
29.39,0.694157717
29.4,0.756201972
29.41,0.958420036
29.42,0.47179443
29.43,0.211905713
29.44,0.572163919
29.45,0.425376377
29.46,0.428074196
29.47,0.555705578
29.48,0.137435028
29.49,0.358895355
29.5,0.632262366
29.51,0.683711149
29.52,0.642259662
29.53,0.260251138
29.54,0.47729228
29.55,0.356548308
29.56,0.25497982
29.57,0.900306424
29.58,0.433650081
29.59,0.072012101
29.6,0.941683341
29.61,0.780740095
29.62,0.989831415
29.63,0.375624136
29.64,0.41534532
29.65,0.674681458
29.66,0.053952741
29.67,0.84245121
29.68,0.828404689
29.69,0.628076421
29.7,0.116030281
29.71,0.150071634
29.72,0.663601783
29.73,0.815098958
29.74,0.653206804
29.75,0.265365712
29.76,0.440323011
29.77,0.307432626
29.78,0.660326567
29.79,0.949503326
29.8,0.470937441
29.81,0.602551452
29.82,0.078965011
29.83,0.873012791
29.84,0.803817778
29.85,0.292878358
29.86,0.7139148
29.87,0.190664749
29.88,0.638466509
29.89,0.60435664
29.9,0.055805491
29.91,0.598466888
29.92,0.862360358
29.93,0.324552011
29.94,0.315687873
29.95,0.848814432
29.96,0.350091889
29.97,0.184006886
29.98,0.965198977
29.99,0.56718195
30,0.383413904
30.01,0.999509997
30.02,0.329524302
30.03,0.153986402
30.04,0.559801536
30.05,0.549752001
30.06,0.274508953
30.07,0.011679477
30.08,0.462323466
30.09,0.05471459
30.1,0.484597238
30.11,0.511175828
30.12,0.61771356
30.13,0.21784615
30.14,0.171036929
30.15,0.103054214
30.16,0.285319475
30.17,0.153219578
30.18,0.75070245
30.19,0.792133704
30.2,0.710326071
30.21,0.76979402
30.22,0.986157355
30.23,0.066404267
30.24,0.696366855
30.25,0.164046706
30.26,0.569792406
30.27,0.932716394
30.28,0.911255299
30.29,0.182034731
30.3,0.990265108
30.31,0.354431067
30.32,0.023251248
30.33,0.624996531
30.34,0.214658347
30.35,0.932208428
30.36,0.046023839
30.37,0.341953016
30.38,0.957530584
30.39,0.966578785
30.4,0.273610467
30.41,0.109773393
30.42,0.872225318
30.43,0.556904606
30.44,0.654831719
30.45,0.18733559
30.46,0.993590138
30.47,0.359441328
30.48,0.909062804
30.49,0.779686477
30.5,0.373182701
30.51,0.420229671
30.52,0.78926942
30.53,0.076620525
30.54,0.502222593
30.55,0.869155152
30.56,0.188070514
30.57,0.718087231
30.58,0.774592721
30.59,0.574057527
30.6,0.298983683
30.61,0.032656461
30.62,0.681776744
30.63,0.517628528
30.64,0.094902755
30.65,0.465567827
30.66,0.990013385
30.67,0.191000394
30.68,0.52071969
30.69,0.12077841
30.7,0.190693391
30.71,0.775648395
30.72,0.290225503
30.73,0.113623712
30.74,0.683633339
30.75,0.805555625
30.76,0.999232014
30.77,0.615326352
30.78,0.481777428
30.79,0.385519524
30.8,0.095549656
30.81,0.994822484
30.82,0.744134037
30.83,0.184985477
30.84,0.900104953
30.85,0.916432699
30.86,0.237055669
30.87,0.988907324
30.88,0.978935236
30.89,0.462639257
30.9,0.16728467
30.91,0.894638055
30.92,0.436224084
30.93,0.441918945
30.94,0.208265159
30.95,0.532119511
30.96,0.093155215
30.97,0.978095788
30.98,0.332160726
30.99,0.759704395
31,0.995522855
31.01,0.283422897
31.02,0.770431436
31.03,0.224087841
31.04,0.68683438
31.05,0.02781403
31.06,0.241252602
31.07,0.444206284
31.08,0.310084653
31.09,0.484631567
31.1,0.697072825
31.11,0.413341601
31.12,0.88852349
31.13,0.863528386
31.14,0.495787634
31.15,0.193828377
31.16,0.18412151
31.17,0.05343129
31.18,0.018324028
31.19,0.710821347
31.2,0.393639736
31.21,0.267254037
31.22,0.688923229
31.23,0.594243636
31.24,0.630495593
31.25,0.268710727
31.26,0.575812318
31.27,0.274933742
31.28,0.594246682
31.29,0.899613906
31.3,0.32674002
31.31,0.489801488
31.32,0.255021899
31.33,0.653022167
31.34,0.898276668
31.35,0.558453057
31.36,0.569516335
31.37,0.2300986
31.38,0.16287821
31.39,0.733703499
31.4,0.940943474
31.41,0.543631503
31.42,0.452508305
31.43,0.630410185
31.44,0.852905098
31.45,0.892280961
31.46,0.469066167
31.47,0.718160305
31.48,0.389389238
31.49,0.95166937
31.5,0.744898723
31.51,0.738235248
31.52,0.69366556
31.53,0.624102077
31.54,0.0149316
31.55,0.775802681
31.56,0.378864106
31.57,0.766645408
31.58,0.616098229
31.59,0.752886605
31.6,0.766229394
31.61,0.576063624
31.62,0.869995665
31.63,0.544273423
31.64,0.636886106
31.65,0.713322935
31.66,0.654806503
31.67,0.941437368
31.68,0.321141675
31.69,0.840383864
31.7,0.917668181
31.71,0.044513113
31.72,0.929419524
31.73,0.115146043
31.74,0.196068057
31.75,0.448660479
31.76,0.566121388
31.77,0.02933259
31.78,0.721203365
31.79,0.265298346
31.8,0.157783405
31.81,0.314846489
31.82,0.917644561
31.83,0.289292908
31.84,0.523617394
31.85,0.611418212
31.86,0.2584088
31.87,0.58713577
31.88,0.340238413
31.89,0.607398588
31.9,0.059231229
31.91,0.721339704
31.92,0.379151606
31.93,0.510157006
31.94,0.671554647
31.95,0.958800159
31.96,0.683677474
31.97,0.969389218
31.98,0.687034248
31.99,0.747196468
32,0.519919133
32.01,0.175207267
32.02,0.932796297
32.03,0.106663762
32.04,0.543677959
32.05,0.208652108
32.06,0.622702607
32.07,0.284597236
32.08,0.299387386
32.09,0.167896684
32.1,0.050509509
32.11,0.810325074
32.12,0.302820786
32.13,0.083592927
32.14,0.804249904
32.15,0.364604994
32.16,0.24542048
32.17,0.162317275
32.18,0.502480341
32.19,0.160463093
32.2,0.740072906
32.21,0.409313739
32.22,0.544067622
32.23,0.144081503
32.24,0.204603907
32.25,0.736542646
32.26,0.072539958
32.27,0.943576313
32.28,0.706221377
32.29,0.782759348
32.3,0.85028067
32.31,0.262178757
32.32,0.014784314
32.33,0.839988878
32.34,0.141652417
32.35,0.778073919
32.36,0.569273919
32.37,0.018356116
32.38,0.542296644
32.39,0.184605564
32.4,0.157902641
32.41,0.344007314
32.42,0.52377145
32.43,0.156011097
32.44,0.415628868
32.45,0.61378877
32.46,0.142213706
32.47,0.918914405
32.48,0.716159368
32.49,0.027692207
32.5,0.004847921
32.51,0.636552593
32.52,0.184251899
32.53,0.543255827
32.54,0.252437388
32.55,0.939804272
32.56,0.862450173
32.57,0.5850466
32.58,0.016361949
32.59,0.991402623
32.6,0.894789241
32.61,0.901424401
32.62,0.465133686
32.63,0.527442125
32.64,0.916662885
32.65,0.450331293
32.66,0.197997847
32.67,0.969376727
32.68,0.383941487
32.69,0.658041436
32.7,0.590511116
32.71,0.110668334
32.72,0.533174299
32.73,0.271613307
32.74,0.618964213
32.75,0.012694721
32.76,0.799088775
32.77,0.808632711
32.78,0.607605336
32.79,0.066264539
32.8,0.129588324
32.81,0.305319562
32.82,0.072240094
32.83,0.38256734
32.84,0.924435077
32.85,0.56255453
32.86,0.635662216
32.87,0.85209363
32.88,0.788866236
32.89,0.597779223
32.9,0.181164922
32.91,0.341961656
32.92,0.903747036
32.93,0.733882579
32.94,0.459513858
32.95,0.355866898
32.96,0.27339159
32.97,0.246437035
32.98,0.981074838
32.99,0.874684743
33,0.496618111
33.01,0.955098559
33.02,0.234831173
33.03,0.193355252
33.04,0.533336484
33.05,0.738728578
33.06,0.718581904
33.07,0.340799
33.08,0.67215369
33.09,0.933577804
33.1,0.652647375
33.11,0.296847469
33.12,0.983468343
33.13,0.947906057
33.14,0.716782128
33.15,0.8916362
33.16,0.833736498
33.17,0.984374441
33.18,0.656435516
33.19,0.456042093
33.2,0.794993901
33.21,0.869844805
33.22,0.793547171
33.23,0.909001124
33.24,0.394232264
33.25,0.90735695
33.26,0.501163625
33.27,0.65625258
33.28,0.362910198
33.29,0.925950533
33.3,0.10578758
33.31,0.001583594
33.32,0.532776002
33.33,0.327813027
33.34,0.893369052
33.35,0.208218675
33.36,0.02902528
33.37,0.638548283
33.38,0.682423242
33.39,0.92691788
33.4,0.368824193
33.41,0.790089074
33.42,0.944972125
33.43,0.834439759
33.44,0.796076908
33.45,0.131366687
33.46,0.744097552
33.47,0.579978366
33.48,0.225869608
33.49,0.193805812
33.5,0.420454525
33.51,0.629526993
33.52,0.603581568
33.53,0.034521934
33.54,0.068796427
33.55,0.603382775
33.56,0.583130011
33.57,0.339387952
33.58,0.918404683
33.59,0.651742455
33.6,0.186220263
33.61,0.715645978
33.62,0.437180856
33.63,0.930623523
33.64,0.592451381
33.65,0.044816573
33.66,0.999741849
33.67,0.2011793
33.68,0.564097719
33.69,0.086821371
33.7,0.557183578
33.71,0.560263684
33.72,0.54788182
33.73,0.539997966
33.74,0.650739154
33.75,0.890259035
33.76,0.194587321
33.77,0.830608094
33.78,0.81947747
33.79,0.755962559
33.8,0.62864547
33.81,0.297787619
33.82,0.964466234
33.83,0.380148096
33.84,0.691842659
33.85,0.174349848
33.86,0.513358768
33.87,0.073902322
33.88,0.884432786
33.89,0.757629911
33.9,0.781416045
33.91,0.493424527
33.92,0.068891035
33.93,0.353192341
33.94,0.052324256
33.95,0.190969368
33.96,0.235590031
33.97,0.264741939
33.98,0.420748875
33.99,0.090099376
34,0.736669502
34.01,0.976376626
34.02,0.847114373
34.03,0.884390583
34.04,0.408197246
34.05,0.659154442
34.06,0.336786771
34.07,0.44430081
34.08,0.760305891
34.09,0.644533493
34.1,0.260311736
34.11,0.458836864
34.12,0.222467872
34.13,0.708329282
34.14,0.074379437
34.15,0.839346075
34.16,0.454137416
34.17,0.358064264
34.18,0.723751093
34.19,0.462223458
34.2,0.153248383
34.21,0.745658727
34.22,0.488402189
34.23,0.063825234
34.24,0.493785263
34.25,0.161495807
34.26,0.489860924
34.27,0.735134567
34.28,0.094261032
34.29,0.845201841
34.3,0.056986507
34.31,0.305789489
34.32,0.204053882
34.33,0.928742629
34.34,0.740819176
34.35,0.370599758
34.36,0.697572689
34.37,0.982497615
34.38,0.549288731
34.39,0.79477497
34.4,0.469469957
34.41,0.342656944
34.42,0.079112487
34.43,0.183132051
34.44,0.329938344
34.45,0.194509792
34.46,0.212253359
34.47,0.137257876
34.48,0.012284542
34.49,0.951695986
34.5,0.162585081
34.51,0.940834569
34.52,0.366279633
34.53,0.304441984
34.54,0.515133812
34.55,0.957369592
34.56,0.517190264
34.57,0.861807337
34.58,0.43852132
34.59,0.365951282
34.6,0.255469298
34.61,0.07960016
34.62,0.998651207
34.63,0.562310394
34.64,0.389701767
34.65,0.924959972
34.66,0.106793736
34.67,0.124568729
34.68,0.462339081
34.69,0.833944866
34.7,0.456656624
34.71,0.992055988
34.72,0.125693247
34.73,0.489438497
34.74,0.208528657
34.75,0.992175611
34.76,0.84718251
34.77,0.440711134
34.78,0.504376941
34.79,0.723929186
34.8,0.938986815
34.81,0.625416188
34.82,0.91900166
34.83,0.445378305
34.84,0.346425064
34.85,0.233564171
34.86,0.256573219
34.87,0.20040265
34.88,0.387867913
34.89,0.667859161
34.9,0.356714993
34.91,0.290739765
34.92,0.480686359
34.93,0.865179757
34.94,0.830631379
34.95,0.593444079
34.96,0.323426803
34.97,0.012624949
34.98,0.142574325
34.99,0.22945524
35,0.368065903
35.01,0.074953256
35.02,0.651344797
35.03,0.405596455
35.04,0.178962852
35.05,0.136308123
35.06,0.6871015
35.07,0.5569674
35.08,0.135631599
35.09,0.579572297
35.1,0.190066993
35.11,0.967281933
35.12,0.42939474
35.13,0.830341805
35.14,0.991279871
35.15,0.31261271
35.16,0.075514022
35.17,0.322014068
35.18,0.634115247
35.19,0.286079391
35.2,0.546043602
35.21,0.740277372
35.22,0.734471396
35.23,0.898306848
35.24,0.431769617
35.25,0.66659137
35.26,0.708885256
35.27,0.048236733
35.28,0.632232673
35.29,0.502699002
35.3,0.970815504
35.31,0.21166455
35.32,0.774605358
35.33,0.770946881
35.34,0.366682665
35.35,0.285765791
35.36,0.879732065
35.37,0.794248227
35.38,0.761388395
35.39,0.087654068
35.4,0.840045786
35.41,0.212764389
35.42,0.13913045
35.43,0.767521781
35.44,0.349885594
35.45,0.149132866
35.46,0.100540164
35.47,0.466948171
35.48,0.056923241
35.49,0.920698704
35.5,0.832558234
35.51,0.558239212
35.52,0.39405566
35.53,0.519234201
35.54,0.131244842
35.55,0.962243045
35.56,0.69369052
35.57,0.737315319
35.58,0.235377296
35.59,0.338201871
35.6,0.191222208
35.61,0.045156956
35.62,0.707961756
35.63,0.579703816
35.64,0.730283442
35.65,0.329621377
35.66,0.210157048
35.67,0.168436649
35.68,0.499203176
35.69,0.075545138
35.7,0.528918054
35.71,0.613375373
35.72,0.828395578
35.73,0.607333853
35.74,0.304512417
35.75,0.156441737
35.76,0.331902742
35.77,0.677553485
35.78,0.462098906
35.79,0.200744092
35.8,0.726999637
35.81,0.784580786
35.82,0.332385634
35.83,0.909164973
35.84,0.144877288
35.85,0.226503569
35.86,0.925495446
35.87,0.992210605
35.88,0.391402122
35.89,0.509997261
35.9,0.604588089
35.91,0.028052408
35.92,0.483309791
35.93,0.081432232
35.94,0.826156913
35.95,0.875786504
35.96,0.228767288
35.97,0.660386361
35.98,0.938657289
35.99,0.029601917
36,0.733488794
36.01,0.081735965
36.02,0.389553712
36.03,0.748159968
36.04,0.709876919
36.05,0.072052946
36.06,0.898509667
36.07,0.935452964
36.08,0.6518769
36.09,0.034757661
36.1,0.780475681
36.11,0.868264895
36.12,0.578856882
36.13,0.165004575
36.14,0.212611532
36.15,0.6117002
36.16,0.90597207
36.17,0.184950175
36.18,0.616399033
36.19,0.250193489
36.2,0.339023043
36.21,0.278849419
36.22,0.585500372
36.23,0.2913973
36.24,0.487705891
36.25,0.703704849
36.26,0.896751788
36.27,0.81102221
36.28,0.59512097
36.29,0.140325318
36.3,0.189778636
36.31,0.9651958
36.32,0.779137784
36.33,0.611591527
36.34,0.380223351
36.35,0.634221452
36.36,0.7310007
36.37,0.837899995
36.38,0.95556841
36.39,0.985663035
36.4,0.647487165
36.41,0.069347576
36.42,0.117364728
36.43,0.359104237
36.44,0.561462344
36.45,0.656973239
36.46,0.18023425
36.47,0.024552397
36.48,0.268559913
36.49,0.323001395
36.5,0.787694841
36.51,0.932743418
36.52,0.071363023
36.53,0.307363097
36.54,0.071745779
36.55,0.183190486
36.56,0.991056622
36.57,0.444985787
36.58,0.29333172
36.59,0.283704423
36.6,0.61726838
36.61,0.008337352
36.62,0.331347598
36.63,0.494009438
36.64,0.613463187
36.65,0.071775909
36.66,0.514981036
36.67,0.538912262
36.68,0.596222432
36.69,0.305903553
36.7,0.483356184
36.71,0.685886014
36.72,0.682778049
36.73,0.808921023
36.74,0.231366537
36.75,0.179343811
36.76,0.492431106
36.77,0.50078098
36.78,0.594549261
36.79,0.543813506
36.8,0.10195565
36.81,0.616536432
36.82,0.925324109
36.83,0.59840942
36.84,0.987364139
36.85,0.743136532
36.86,0.811946228
36.87,0.025219181
36.88,0.673593848
36.89,0.451424469
36.9,0.549605878
36.91,0.969952714
36.92,0.185511057
36.93,0.166649967
36.94,0.362149198
36.95,0.317536262
36.96,0.658193588
36.97,0.865351209
36.98,0.000177881
36.99,0.071785051
37,0.805215253
37.01,0.389257589
37.02,0.130236616
37.03,0.285383768
37.04,0.511597767
37.05,0.427513212
37.06,0.247304014
37.07,0.852567451
37.08,0.57153439
37.09,0.544578931
37.1,0.147983956
37.11,0.947772997
37.12,0.590791513
37.13,0.355133209
37.14,0.468324169
37.15,0.020558071
37.16,0.719716376
37.17,0.067192451
37.18,0.021176569
37.19,0.520211157
37.2,0.431800155
37.21,0.108017837
37.22,0.694625867
37.23,0.77546193
37.24,0.061299361
37.25,0.811910055
37.26,0.595613593
37.27,0.786438975
37.28,0.26979847
37.29,0.066106118
37.3,0.457005739
37.31,0.492653859
37.32,0.608359306
37.33,0.892216634
37.34,0.44746211
37.35,0.045292572
37.36,0.786455987
37.37,0.804928614
37.38,0.047837241
37.39,0.475020788
37.4,0.073239315
37.41,0.472879951
37.42,0.374182882
37.43,0.696736708
37.44,0.841014793
37.45,0.401904317
37.46,0.415136405
37.47,0.492594478
37.48,0.472180249
37.49,0.477250023
37.5,0.478426172
37.51,0.370117565
37.52,0.77621566
37.53,0.627719072
37.54,0.079525476
37.55,0.426635947
37.56,0.161897575
37.57,0.171762712
37.58,0.529386434
37.59,0.870790729
37.6,0.310431292
37.61,0.448283699
37.62,0.003641189
37.63,0.586131307
37.64,0.400392443
37.65,0.046156508
37.66,0.737560773
37.67,0.640948892
37.68,0.825854438
37.69,0.900403275
37.7,0.501503075
37.71,0.714075754
37.72,0.731141381
37.73,0.322192492
37.74,0.707409076
37.75,0.464513786
37.76,0.924413005
37.77,0.046762677
37.78,0.497739377
37.79,0.300368991
37.8,0.366424097
37.81,0.434746388
37.82,0.835810088
37.83,0.626815112
37.84,0.903707764
37.85,0.086481115
37.86,0.637665661
37.87,0.451548701
37.88,0.505801176
37.89,0.379732101
37.9,0.372663906
37.91,0.974861789
37.92,0.578062017
37.93,0.024545447
37.94,0.968138113
37.95,0.705651867
37.96,0.722535563
37.97,0.297850652
37.98,0.819046544
37.99,0.534042012
38,0.004774467
38.01,0.165042213
38.02,0.769137774
38.03,0.258538589
38.04,0.81994778
38.05,0.940317087
38.06,0.841917924
38.07,0.627170298
38.08,0.21786973
38.09,0.14563959
38.1,0.774251672
38.11,0.144191545
38.12,0.911919638
38.13,0.870184349
38.14,0.665681249
38.15,0.837373787
38.16,0.397028659
38.17,0.052166443
38.18,0.906511191
38.19,0.971818475
38.2,0.510049122
38.21,0.800770122
38.22,0.603679233
38.23,0.624585535
38.24,0.849595873
38.25,0.116592699
38.26,0.969795617
38.27,0.381153778
38.28,0.168063469
38.29,0.077756073
38.3,0.205281792
38.31,0.523918968
38.32,0.236096812
38.33,0.007234164
38.34,0.040009795
38.35,0.208292233
38.36,0.337987226
38.37,0.698551408
38.38,0.411938997
38.39,0.930556945
38.4,0.734767331
38.41,0.616299227
38.42,0.923528919
38.43,0.647290433
38.44,0.375940999
38.45,0.207053924
38.46,0.602788984
38.47,0.950193939
38.48,0.503882906
38.49,0.550690947
38.5,0.066760756
38.51,0.132677499
38.52,0.715782596
38.53,0.977607208
38.54,0.793771171
38.55,0.933141624
38.56,0.333015947
38.57,0.119269295
38.58,0.123553977
38.59,0.199658981
38.6,0.72487208
38.61,0.847334341
38.62,0.211654685
38.63,0.807558217
38.64,0.030988194
38.65,0.248393576
38.66,0.461738414
38.67,0.763368707
38.68,0.539154603
38.69,0.881966863
38.7,0.829398469
38.71,0.398675602
38.72,0.808892502
38.73,0.120105972
38.74,0.986438004
38.75,0.298499618
38.76,0.441634982
38.77,0.361426961
38.78,0.848135451
38.79,0.413078431
38.8,0.514955551
38.81,0.592532929
38.82,0.202494996
38.83,0.460714332
38.84,0.728671798
38.85,0.020170208
38.86,0.984323217
38.87,0.298483378
38.88,0.129716386
38.89,0.208630284
38.9,0.308956248
38.91,0.605005505
38.92,0.748153795
38.93,0.515628853
38.94,0.626887677
38.95,0.893739705
38.96,0.053986137
38.97,0.247807375
38.98,0.988129579
38.99,0.728558595
39,0.522244147
39.01,0.535096167
39.02,0.399432952
39.03,0.630883037
39.04,0.669709934
39.05,0.070456761
39.06,0.764085392
39.07,0.064989784
39.08,0.095003796
39.09,0.675435876
39.1,0.817507413
39.11,0.936372301
39.12,0.243140665
39.13,0.484262298
39.14,0.868901801
39.15,0.524871708
39.16,0.843044527
39.17,0.620700888
39.18,0.490965352
39.19,0.080369977
39.2,0.896434413
39.21,0.516487145
39.22,0.016303219
39.23,0.536719641
39.24,0.56194509
39.25,0.11323321
39.26,0.831860224
39.27,0.534934763
39.28,0.522102644
39.29,0.479534754
39.3,0.66760258
39.31,0.199106381
39.32,0.141238776
39.33,0.614542929
39.34,0.496581771
39.35,0.521149351
39.36,0.271933606
39.37,0.687927474
39.38,0.543080148
39.39,0.32028956
39.4,0.524553078
39.41,0.561725694
39.42,0.234352513
39.43,0.17260383
39.44,0.931340935
39.45,0.60901076
39.46,0.909074865
39.47,0.880626757
39.48,0.533497512
39.49,0.778394002
39.5,0.361332224
39.51,0.14049359
39.52,0.972263839
39.53,0.002922644
39.54,0.489945708
39.55,0.096543224
39.56,0.596730569
39.57,0.434305948
39.58,0.518944983
39.59,0.343362017
39.6,0.832590836
39.61,0.073185965
39.62,0.299139818
39.63,0.455149548
39.64,0.975742878
39.65,0.535023061
39.66,0.723195088
39.67,0.259660099
39.68,0.845370123
39.69,0.846238345
39.7,0.187988715
39.71,0.262103421
39.72,0.620142748
39.73,0.157507073
39.74,0.053146252
39.75,0.73996222
39.76,0.955840857
39.77,0.478467454
39.78,0.512464368
39.79,0.505983625
39.8,0.149807307
39.81,0.664495705
39.82,0.588459993
39.83,0.183484443
39.84,0.898552547
39.85,0.262880408
39.86,0.249322742
39.87,0.019278223
39.88,0.454093189
39.89,0.269008019
39.9,0.597571725
39.91,0.191477595
39.92,0.89640143
39.93,0.770626505
39.94,0.31839236
39.95,0.299860551
39.96,0.303746735
39.97,0.807031545
39.98,0.216689612
39.99,0.523492602
40,0.307828843
40.01,0.992684122
40.02,0.471560904
40.03,0.884962603
40.04,0.433607082
40.05,0.207893106
40.06,0.747045186
40.07,0.231944993
40.08,0.328940177
40.09,0.645656085
40.1,0.037325407
40.11,0.903238483
40.12,0.695446166
40.13,0.648979764
40.14,0.960949352
40.15,0.905447195
40.16,0.568109009
40.17,0.422669758
40.18,0.751584913
40.19,0.605038609
40.2,0.967543824
40.21,0.921671783
40.22,0.969243355
40.23,0.18152943
40.24,0.337104992
40.25,0.602612776
40.26,0.532439932
40.27,0.694241481
40.28,0.925881331
40.29,0.246794219
40.3,0.338609861
40.31,0.749380981
40.32,0.289979424
40.33,0.228994626
40.34,0.094949888
40.35,0.801640494
40.36,0.329801267
40.37,0.265810583
40.38,0.626771133
40.39,0.112661221
40.4,0.383072599
40.41,0.091868812
40.42,0.432958002
40.43,0.471031757
40.44,0.782022968
40.45,0.03398825
40.46,0.560357481
40.47,0.54316754
40.48,0.45022393
40.49,0.559561838
40.5,0.7805799
40.51,0.732077534
40.52,0.957695504
40.53,0.949922614
40.54,0.689596366
40.55,0.64254036
40.56,0.931019738
40.57,0.944195781
40.58,0.074163933
40.59,0.381297659
40.6,0.739645497
40.61,0.601829431
40.62,0.797589099
40.63,0.177463201
40.64,0.66618905
40.65,0.313828908
40.66,0.505631339
40.67,0.730519933
40.68,0.316242186
40.69,0.467747247
40.7,0.125422496
40.71,0.919228981
40.72,0.369384129
40.73,0.76102049
40.74,0.263578188
40.75,0.223068392
40.76,0.810841026
40.77,0.674750747
40.78,0.85422256
40.79,0.208431242
40.8,0.675294288
40.81,0.437987349
40.82,0.619039807
40.83,0.042925453
40.84,0.069252278
40.85,0.324538207
40.86,0.508532799
40.87,0.520858182
40.88,0.354971535
40.89,0.448521664
40.9,0.818131651
40.91,0.987777774
40.92,0.33293853
40.93,0.836877237
40.94,0.599762733
40.95,0.21677384
40.96,0.052143987
40.97,0.925113572
40.98,0.161297825
40.99,0.914043228
41,0.463725352
41.01,0.18319725
41.02,0.863033735
41.03,0.239752202
41.04,0.340347112
41.05,0.88388524
41.06,0.295863073
41.07,0.237270595
41.08,0.470079246
41.09,0.926298212
41.1,0.865110586
41.11,0.477785708
41.12,0.051456152
41.13,0.357168247
41.14,0.331523971
41.15,0.75263628
41.16,0.493408897
41.17,0.939590629
41.18,0.850232636
41.19,0.298128815
41.2,0.10458801
41.21,0.82350082
41.22,0.892911124
41.23,0.779146464
41.24,0.082829365
41.25,0.912524181
41.26,0.130067436
41.27,0.591195311
41.28,0.041020236
41.29,0.470435885
41.3,0.721307712
41.31,0.07320289
41.32,0.022389369
41.33,0.878314128
41.34,0.94296059
41.35,0.465518249
41.36,0.314970125
41.37,0.322938975
41.38,0.665200379
41.39,0.892645034
41.4,0.225997421
41.41,0.166017765
41.42,0.346163794
41.43,0.83174326
41.44,0.129253861
41.45,0.273351131
41.46,0.016239477
41.47,0.653887815
41.48,0.296032935
41.49,0.493597655
41.5,0.948088423
41.51,0.522140361
41.52,0.878745328
41.53,0.472421838
41.54,0.126997364
41.55,0.596646284
41.56,0.226975121
41.57,0.46834877
41.58,0.523944339
41.59,0.745861874
41.6,0.951644401
41.61,0.887354686
41.62,0.832437547
41.63,0.396373163
41.64,0.906862628
41.65,0.539600228
41.66,0.750712578
41.67,0.736084036
41.68,0.247338812
41.69,0.691915161
41.7,0.982615822
41.71,0.717766576
41.72,0.755662079
41.73,0.464155098
41.74,0.693046181
41.75,0.792601443
41.76,0.046497996
41.77,0.721926059
41.78,0.801236378
41.79,0.399056514
41.8,0.142575291
41.81,0.524063357
41.82,0.027637973
41.83,0.007085072
41.84,0.988358049
41.85,0.078260266
41.86,0.885799349
41.87,0.025371695
41.88,0.326131566
41.89,0.973332404
41.9,0.380702522
41.91,0.325328163
41.92,0.711416331
41.93,0.917133707
41.94,0.908554981
41.95,0.498692102
41.96,0.070896287
41.97,0.307776402
41.98,0.991234602
41.99,0.378630846
42,0.908818353
42.01,0.631372511
42.02,0.455084335
42.03,0.903756234
42.04,0.912322119
42.05,0.494962719
42.06,0.800445147
42.07,0.076343032
42.08,0.802382423
42.09,0.347959578
42.1,0.868391237
42.11,0.666682928
42.12,0.968010757
42.13,0.88039426
42.14,0.307065087
42.15,0.241441429
42.16,0.105917929
42.17,0.998278096
42.18,0.037231316
42.19,0.287121879
42.2,0.877090214
42.21,0.621982378
42.22,0.798158689
42.23,0.012505279
42.24,0.560543125
42.25,0.397469955
42.26,0.094980693
42.27,0.800725296
42.28,0.6455451
42.29,0.052959842
42.3,0.642545082
42.31,0.617838871
42.32,0.397625963
42.33,0.271131319
42.34,0.436860772
42.35,0.665481388
42.36,0.219801645
42.37,0.04160478
42.38,0.489320912
42.39,0.778755951
42.4,0.508636771
42.41,0.421394888
42.42,0.432513913
42.43,0.23790828
42.44,0.352897522
42.45,0.46868504
42.46,0.137837289
42.47,0.034567422
42.48,0.792474192
42.49,0.379270127
42.5,0.637671769
42.51,0.392930201
42.52,0.703240364
42.53,0.151560294
42.54,0.35849942
42.55,0.962526261
42.56,0.052799139
42.57,0.762676455
42.58,0.921842455
42.59,0.5682995
42.6,0.632200485
42.61,0.168675275
42.62,0.237013952
42.63,0.149229674
42.64,0.690400043
42.65,0.996908533
42.66,0.00987521
42.67,0.027135131
42.68,0.906016624
42.69,0.962400234
42.7,0.466049394
42.71,0.890133215
42.72,0.367783444
42.73,0.582497405
42.74,0.93625565
42.75,0.180695475
42.76,0.198879014
42.77,0.917073408
42.78,0.069844706
42.79,0.741769995
42.8,0.388732557
42.81,0.197792369
42.82,0.144654063
42.83,0.808828158
42.84,0.394862744
42.85,0.191145724
42.86,0.176238696
42.87,0.554020957
42.88,0.423611395
42.89,0.524425358
42.9,0.287196859
42.91,0.326603168
42.92,0.931455356
42.93,0.188894524
42.94,0.842295163
42.95,0.725266012
42.96,0.931602999
42.97,0.09701463
42.98,0.585376611
42.99,0.663546409
43,0.355155691
43.01,0.138188122
43.02,0.517380239
43.03,0.768988658
43.04,0.304643724
43.05,0.743531865
43.06,0.736345256
43.07,0.651565275
43.08,0.109631389
43.09,0.997925686
43.1,0.906410987
43.11,0.299774036
43.12,0.324583103
43.13,0.162228255
43.14,0.06944188
43.15,0.005574048
43.16,0.118357925
43.17,0.790787783
43.18,0.442721871
43.19,0.115683172
43.2,0.687470168
43.21,0.549054057
43.22,0.487741537
43.23,0.546884175
43.24,0.182051684
43.25,0.242896409
43.26,0.872315805
43.27,0.342713617
43.28,0.266123989
43.29,0.788999837
43.3,0.653471709
43.31,0.326263998
43.32,0.18452577
43.33,0.29442178
43.34,0.826425754
43.35,0.694455555
43.36,0.069870994
43.37,0.246966641
43.38,0.67725746
43.39,0.620352346
43.4,0.528036985
43.41,0.598707166
43.42,0.238890807
43.43,0.025259544
43.44,0.708773668
43.45,0.689429267
43.46,0.837148876
43.47,0.172732615
43.48,0.003087018
43.49,0.347454222
43.5,0.330557232
43.51,0.446698958
43.52,0.752666324
43.53,0.792836771
43.54,0.529828792
43.55,0.628358697
43.56,0.481908581
43.57,0.470625057
43.58,0.624459065
43.59,0.065576528
43.6,0.007158343
43.61,0.322521353
43.62,0.075317551
43.63,0.04906559
43.64,0.339605269
43.65,0.542389691
43.66,0.54318915
43.67,0.129890347
43.68,0.818668831
43.69,0.292729948
43.7,0.753323506
43.71,0.503764097
43.72,0.818857885
43.73,0.48808517
43.74,0.200139155
43.75,0.858634994
43.76,0.491072266
43.77,0.829065544
43.78,0.959090933
43.79,0.954914849
43.8,0.259756458
43.81,0.425416459
43.82,0.248726771
43.83,0.242266309
43.84,0.524825503
43.85,0.652581272
43.86,0.077511363
43.87,0.659239685
43.88,0.282361912
43.89,0.60656844
43.9,0.507694072
43.91,0.696208332
43.92,0.758472922
43.93,0.19702528
43.94,0.711539447
43.95,0.360848889
43.96,0.8003276
43.97,0.792617758
43.98,0.904274797
43.99,0.305292715
44,0.728519181
44.01,0.951842466
44.02,0.135392491
44.03,0.235447255
44.04,0.371600663
44.05,0.866989907
44.06,0.828165846
44.07,0.702059192
44.08,0.413526354
44.09,0.330152467
44.1,0.174335852
44.11,0.314385091
44.12,0.732630179
44.13,0.069334568
44.14,0.767869097
44.15,0.599523737
44.16,0.937503538
44.17,0.207554772
44.18,0.373197059
44.19,0.250119097
44.2,0.13112595
44.21,0.300038263
44.22,0.737281149
44.23,0.627968676
44.24,0.667142674
44.25,0.860107106
44.26,0.702410462
44.27,0.346293915
44.28,0.659279684
44.29,0.597699887
44.3,0.131190934
44.31,0.899678416
44.32,0.739840617
44.33,0.000988858
44.34,0.780319854
44.35,0.704714882
44.36,0.176754316
44.37,0.778051057
44.38,0.55606087
44.39,0.392206383
44.4,0.16497945
44.41,0.749280532
44.42,0.028899968
44.43,0.874926562
44.44,0.371508546
44.45,0.226154693
44.46,0.760621946
44.47,0.848334147
44.48,0.431637717
44.49,0.319899181
44.5,0.807362776
44.51,0.34437757
44.52,0.612104988
44.53,0.968043694
44.54,0.218106059
44.55,0.659398563
44.56,0.41111062
44.57,0.484708978
44.58,0.407918566
44.59,0.889940574
44.6,0.207485167
44.61,0.03014513
44.62,0.339663489
44.63,0.460890315
44.64,0.352803742
44.65,0.316803012
44.66,0.041400474
44.67,0.610424625
44.68,0.838096202
44.69,0.237515888
44.7,0.658532305
44.71,0.038044029
44.72,0.489343809
44.73,0.494438482
44.74,0.661691448
44.75,0.807427864
44.76,0.759078651
44.77,0.274349134
44.78,0.127935604
44.79,0.321196135
44.8,0.291869027
44.81,0.099111837
44.82,0.669806125
44.83,0.278266062
44.84,0.341255784
44.85,0.91889301
44.86,0.417978131
44.87,0.345847401
44.88,0.599205129
44.89,0.36594532
44.9,0.985638989
44.91,0.568161409
44.92,0.921814605
44.93,0.607003882
44.94,0.684006811
44.95,0.359537686
44.96,0.553636087
44.97,0.418462803
44.98,0.730189886
44.99,0.912712236
45,0.226473459
45.01,0.607198546
45.02,0.154795613
45.03,0.87221917
45.04,0.954691791
45.05,0.411056434
45.06,0.590721324
45.07,0.689279975
45.08,0.01316681
45.09,0.921347039
45.1,0.480207065
45.11,0.816711001
45.12,0.884209238
45.13,0.715262989
45.14,0.17948527
45.15,0.769821515
45.16,0.538949798
45.17,0.434522421
45.18,0.473665332
45.19,0.363517453
45.2,0.394018437
45.21,0.784167449
45.22,0.959719594
45.23,0.079013881
45.24,0.225552964
45.25,0.576925174
45.26,0.902924358
45.27,0.047705063
45.28,0.34067536
45.29,0.675901559
45.3,0.952157993
45.31,0.188804341
45.32,0.019981918
45.33,0.191476725
45.34,0.889574479
45.35,0.958506421
45.36,0.589680466
45.37,0.982936998
45.38,0.827175975
45.39,0.190541979
45.4,0.261423207
45.41,0.130223888
45.42,0.740988191
45.43,0.760167005
45.44,0.379834605
45.45,0.838385252
45.46,0.79560625
45.47,0.16146524
45.48,0.142453146
45.49,0.527197224
45.5,0.249355625
45.51,0.935660188
45.52,0.149817391
45.53,0.148785045
45.54,0.339569472
45.55,0.574505297
45.56,0.451306705
45.57,0.46620768
45.58,0.028297382
45.59,0.962849875
45.6,0.554887522
45.61,0.961739104
45.62,0.727577057
45.63,0.022281714
45.64,0.703297081
45.65,0.204628728
45.66,0.937357521
45.67,0.189527416
45.68,0.344974665
45.69,0.402244214
45.7,0.057047607
45.71,0.427258022
45.72,0.162076213
45.73,0.953800341
45.74,0.101671008
45.75,0.195842113
45.76,0.494234342
45.77,0.007243853
45.78,0.316662639
45.79,0.906126241
45.8,0.309247115
45.81,0.798573099
45.82,0.052975171
45.83,0.852849327
45.84,0.013413336
45.85,0.124403693
45.86,0.311627931
45.87,0.182950554
45.88,0.582429609
45.89,0.977246948
45.9,0.684288032
45.91,0.657119438
45.92,0.812564762
45.93,0.041116838
45.94,0.406906129
45.95,0.507138811
45.96,0.727428682
45.97,0.278733901
45.98,0.542639702
45.99,0.297384223
46,0.598670472
46.01,0.494380069
46.02,0.195054279
46.03,0.896831058
46.04,0.757130052
46.05,0.379982909
46.06,0.588202815
46.07,0.083712801
46.08,0.510784371
46.09,0.178970926
46.1,0.772251617
46.11,0.245770175
46.12,0.436364026
46.13,0.24106687
46.14,0.02963974
46.15,0.520831961
46.16,0.073569599
46.17,0.276913868
46.18,0.145620566
46.19,0.112320323
46.2,0.692837742
46.21,0.391086563
46.22,0.971663932
46.23,0.436854617
46.24,0.723786748
46.25,0.736695882
46.26,0.248350591
46.27,0.27927493
46.28,0.742229477
46.29,0.485083005
46.3,0.661860254
46.31,0.852020682
46.32,0.081013836
46.33,0.160190733
46.34,0.131123887
46.35,0.781208763
46.36,0.562406176
46.37,0.202344269
46.38,0.413127315
46.39,0.40408373
46.4,0.381179388
46.41,0.422450074
46.42,0.275322982
46.43,0.13146115
46.44,0.359833009
46.45,0.60171373
46.46,0.187349699
46.47,0.612471848
46.48,0.113701048
46.49,0.365103488
46.5,0.332148866
46.51,0.521628099
46.52,0.946406434
46.53,0.521846026
46.54,0.041449521
46.55,0.425826838
46.56,0.355696822
46.57,0.818919754
46.58,0.208173901
46.59,0.029547577
46.6,0.816687354
46.61,0.740043413
46.62,0.158665982
46.63,0.359462741
46.64,0.994643256
46.65,0.45619059
46.66,0.993690593
46.67,0.219272139
46.68,0.749151029
46.69,0.944253733
46.7,0.323071474
46.71,0.29821366
46.72,0.752203407
46.73,0.211586547
46.74,0.657204495
46.75,0.801208347
46.76,0.012999114
46.77,0.070665043
46.78,0.626314086
46.79,0.544942045
46.8,0.812082823
46.81,0.177983262
46.82,0.077713598
46.83,0.994728932
46.84,0.710443002
46.85,0.781206266
46.86,0.546893992
46.87,0.760661477
46.88,0.302286874
46.89,0.815476033
46.9,0.55826396
46.91,0.716522828
46.92,0.962792702
46.93,0.67341765
46.94,0.34736003
46.95,0.926304922
46.96,0.46896848
46.97,0.755937033
46.98,0.825209254
46.99,0.917738081
47,0.348935428
47.01,0.059809282
47.02,0.609394669
47.03,0.607398293
47.04,0.815377907
47.05,0.701444335
47.06,0.476840078
47.07,0.899260764
47.08,0.001680534
47.09,0.912059195
47.1,0.328779008
47.11,0.183998734
47.12,0.324833444
47.13,0.400893693
47.14,0.478505201
47.15,0.741813608
47.16,0.487088628
47.17,0.648683837
47.18,0.03034242
47.19,0.909460946
47.2,0.097336949
47.21,0.492462142
47.22,0.456876362
47.23,0.19310729
47.24,0.9356265
47.25,0.382422788
47.26,0.948543579
47.27,0.133074553
47.28,0.771265711
47.29,0.746477299
47.3,0.385782355
47.31,0.616759704
47.32,0.495759023
47.33,0.150021544
47.34,0.984543878
47.35,0.055431784
47.36,0.234713657
47.37,0.85170204
47.38,0.893095073
47.39,0.546171779
47.4,0.403550447
47.41,0.117907926
47.42,0.541360554
47.43,0.816418416
47.44,0.311001051
47.45,0.061411541
47.46,0.78746398
47.47,0.234563964
47.48,0.372079411
47.49,0.179103595
47.5,0.393246056
47.51,0.029857789
47.52,0.608842098
47.53,0.643533985
47.54,0.154616579
47.55,0.270441517
47.56,0.057173117
47.57,0.936727987
47.58,0.025801929
47.59,0.978137966
47.6,0.897863492
47.61,0.341193518
47.62,0.592321972
47.63,0.10438249
47.64,0.56976287
47.65,0.547904297
47.66,0.378306334
47.67,0.634084067
47.68,0.8506457
47.69,0.678234597
47.7,0.32183749
47.71,0.155777256
47.72,0.121154369
47.73,0.309543988
47.74,0.514584395
47.75,0.072394379
47.76,0.781517098
47.77,0.723273386
47.78,0.184365996
47.79,0.72748238
47.8,0.2642227
47.81,0.689433956
47.82,0.37868377
47.83,0.873794684
47.84,0.281502299
47.85,0.727306164
47.86,0.340074452
47.87,0.077056262
47.88,0.539731655
47.89,0.264271867
47.9,0.034105011
47.91,0.407360093
47.92,0.332078557
47.93,0.871503105
47.94,0.758439066
47.95,0.59545902
47.96,0.666668402
47.97,0.077975464
47.98,0.257587267
47.99,0.109293759
48,0.993282926
48.01,0.53585821
48.02,0.410367869
48.03,0.640597557
48.04,0.255864627
48.05,0.187471264
48.06,0.349660748
48.07,0.403159397
48.08,0.044701849
48.09,0.670925554
48.1,0.715373017
48.11,0.263822502
48.12,0.001747575
48.13,0.434722902
48.14,0.583156675
48.15,0.570650044
48.16,0.14454647
48.17,0.475604943
48.18,0.029207275
48.19,0.900659807
48.2,0.074577854
48.21,0.389999608
48.22,0.001212748
48.23,0.237832127
48.24,0.286876447
48.25,0.868454832
48.26,0.893378494
48.27,0.258425687
48.28,0.008496228
48.29,0.780849135
48.3,0.790019994
48.31,0.054067809
48.32,0.537225769
48.33,0.669576155
48.34,0.024931018
48.35,0.79438987
48.36,0.502973708
48.37,0.04447471
48.38,0.661345317
48.39,0.505012045
48.4,0.806631215
48.41,0.704591965
48.42,0.82401009
48.43,0.397410883
48.44,0.671121697
48.45,0.035725633
48.46,0.848648594
48.47,0.140683942
48.48,0.130107117
48.49,0.893542428
48.5,0.220019491
48.51,0.811554637
48.52,0.144314369
48.53,0.363539226
48.54,0.763708036
48.55,0.472077488
48.56,0.601025338
48.57,0.103003856
48.58,0.266999985
48.59,0.108427676
48.6,0.158071121
48.61,0.201556766
48.62,0.993265871
48.63,0.241471917
48.64,0.328221063
48.65,0.344781585
48.66,0.483296814
48.67,0.147506331
48.68,0.899370042
48.69,0.727187593
48.7,0.485984055
48.71,0.011752248
48.72,0.300671197
48.73,0.996832354
48.74,0.237443674
48.75,0.584923179
48.76,0.76422024
48.77,0.94149524
48.78,0.291141769
48.79,0.840559843
48.8,0.490927082
48.81,0.926832367
48.82,0.439633914
48.83,0.206865155
48.84,0.231618863
48.85,0.639490828
48.86,0.448078438
48.87,0.959211662
48.88,0.138030459
48.89,0.969037496
48.9,0.844853223
48.91,0.396564225
48.92,0.214307484
48.93,0.841380364
48.94,0.570192415
48.95,0.042380162
48.96,0.719032466
48.97,0.146088232
48.98,0.365866431
48.99,0.691709201
49,0.901427214
49.01,0.069403701
49.02,0.664304659
49.03,0.875058107
49.04,0.514853992
49.05,0.091901971
49.06,0.649261043
49.07,0.773073305
49.08,0.117354789
49.09,0.067487113
49.1,0.264264957
49.11,0.672180536
49.12,0.233663466
49.13,0.639728027
49.14,0.684063424
49.15,0.912830903
49.16,0.973689474
49.17,0.10410024
49.18,0.183122387
49.19,0.798890826
49.2,0.253341849
49.21,0.460512159
49.22,0.274040299
49.23,0.3045357
49.24,0.141255059
49.25,0.421511822
49.26,0.264734578
49.27,0.73485951
49.28,0.299902242
49.29,0.532497929
49.3,0.712357124
49.31,0.832882089
49.32,0.901880945
49.33,0.537809863
49.34,0.242567226
49.35,0.467252994
49.36,0.013015472
49.37,0.292921301
49.38,0.183496232
49.39,0.045286139
49.4,0.027413878
49.41,0.012019976
49.42,0.31072281
49.43,0.763721681
49.44,0.830618623
49.45,0.201172322
49.46,0.558746543
49.47,0.34680848
49.48,0.578527257
49.49,0.342476971
49.5,0.217246576
49.51,0.611957508
49.52,0.030874663
49.53,0.931623976
49.54,0.201100468
49.55,0.554644785
49.56,0.221574383
49.57,0.811379056
49.58,0.246922546
49.59,0.18436346
49.6,0.931968672
49.61,0.187214378
49.62,0.338056542
49.63,0.900666261
49.64,0.465670366
49.65,0.631290369
49.66,0.995858256
49.67,0.538487766
49.68,0.819660316
49.69,0.186240046
49.7,0.632442491
49.71,0.148763475
49.72,0.008382936
49.73,0.408983156
49.74,0.245409052
49.75,0.98019585
49.76,0.510120776
49.77,0.0719229
49.78,0.635347787
49.79,0.126539994
49.8,0.842865441
49.81,0.406153585
49.82,0.072537398
49.83,0.781704912
49.84,0.47526305
49.85,0.704207238
49.86,0.872411655
49.87,0.21882517
49.88,0.451809977
49.89,0.357214698
49.9,0.718393142
49.91,0.380363686
49.92,0.372804725
49.93,0.447735
49.94,0.811711065
49.95,0.842859258
49.96,0.581252389
49.97,0.992824547
49.98,0.646952824
49.99,0.765372242
50,0.677433012
50.01,0.0469557
50.02,0.623986204
50.03,0.714740313
50.04,0.056764955
50.05,0.994519519
50.06,0.754449304
50.07,0.071233865
50.08,0.986449295
50.09,0.138606139
50.1,0.064452863
50.11,0.334324931
50.12,0.130770821
50.13,0.546788921
50.14,0.898930253
50.15,0.978497849
50.16,0.753834315
50.17,0.513766795
50.18,0.375233651
50.19,0.245439168
50.2,0.325018829
50.21,0.02068624
50.22,0.20376244
50.23,0.123446863
50.24,0.203872309
50.25,0.228901633
50.26,0.069833448
50.27,0.952179906
50.28,0.767490975
50.29,0.896612496
50.3,0.166208017
50.31,0.893652617
50.32,0.622726391
50.33,0.105366975
50.34,0.640559466
50.35,0.815544506
50.36,0.340159783
50.37,0.430036275
50.38,0.457797166
50.39,0.202713023
50.4,0.881788139
50.41,0.855048377
50.42,0.922361624
50.43,0.637084839
50.44,0.792904569
50.45,0.869205733
50.46,0.926424806
50.47,0.512521059
50.48,0.094758626
50.49,0.508706736
50.5,0.446773142
