,Save,x,y,PtLabel,pt,BedTop,ymin_raw,ymax_raw,SedStruct,FacName,FacBlockNum,ElementName,ElementBlockNum,ElementSetName,ElementSetBlockNum
1,Temp,,,,,,,,,,,,,,
2,TopBottom,-5,-5,Example,,,,,,,,,,,
3,TopBottom,30.8434923,21.58586485,Bottom,,,,,,,,,,,
4,TopBottom,31.27853304,3596.654522,Top,,,,,,,,,,,
5,BedTops,-5,-5,,1,1,,,,,,,,,
6,BedTops,95.29364572,50.64699415,,1,1,,,,,,,,,
7,BedTops,48.05899016,158.344385,,2,1,,,,,,,,,
8,BedTops,59.59722663,220.8999006,,3,1,,,,,,,,,
9,BedTops,66.08748465,223.5808513,,4,1,,,,,,,,,
10,BedTops,71.85660289,228.0491024,,5,1,,,,,,,,,
11,BedTops,66.86363049,231.2484112,,6,1,,,,,,,,,
12,BedTops,68.30591004,265.0023248,,7,1,,,,,,,,,
13,BedTops,82.36813575,269.2123202,,8,1,,,,,,,,,
14,BedTops,75.51730784,268.9702899,,9,1,,,,,,,,,
15,BedTops,97.51207112,296.07768,,10,1,,,,,,,,,
16,BedTops,38.73917908,295.8356497,,11,1,,,,,,,,,
17,BedTops,38.73917908,296.8037708,,12,1,,,,,,,,,
18,BedTops,38.0180393,297.7718919,,13,1,,,,,,,,,
19,BedTops,36.93632963,298.9820432,,14,1,,,,,,,,,
20,BedTops,40.18145864,299.708134,,15,1,,,,,,,,,
21,BedTops,42.34487798,300.6762551,,16,1,,,,,,,,,
22,BedTops,57.48881335,302.8545275,,17,1,,,,,,,,,
23,BedTops,101.4783399,374.9363059,,18,1,,,,,,,,,
24,BedTops,81.28642608,503.3054369,,19,1,,,,,,,,,
25,BedTops,77.32015729,516.9894559,,20,1,,,,,,,,,
26,BedTops,87.41611421,526.1121353,,21,1,,,,,,,,,
27,BedTops,68.25090399,662.4636617,,22,1,,,,,,,,,
28,BedTops,63.20292553,713.103841,,23,1,,,,,,,,,
29,BedTops,75.10173189,745.3560052,,24,1,,,,,,,,,
30,BedTops,48.05899016,746.8640399,,25,1,,,,,,,,,
31,BedTops,56.35209762,749.3774312,,26,1,,,,,,,,,
32,BedTops,65.00577498,751.8908224,,27,1,,,,,,,,,
33,BedTops,63.92406531,764.2902193,,28,1,,,,,,,,,
34,BedTops,68.61147388,766.3009323,,29,1,,,,,,,,,
35,BedTops,64.2846352,782.7217551,,30,1,,,,,,,,,
36,BedTops,73.65945233,785.067587,,31,1,,,,,,,,,
37,BedTops,57.84938324,866.4839664,,32,1,,,,,,,,,
38,BedTops,49.91684566,884.8782668,,33,1,,,,,,,,,
39,BedTops,61.40007608,889.8458841,,34,1,,,,,,,,,
40,BedTops,60.6789363,891.6145668,,35,1,,,,,,,,,
41,BedTops,61.03950619,896.920615,,36,1,,,,,,,,,
42,BedTops,57.79437718,898.3355612,,37,1,,,,,,,,,
43,BedTops,51.66468905,902.2266632,,38,1,,,,,,,,,
44,BedTops,50.58297939,903.9953459,,39,1,,,,,,,,,
45,BedTops,54.54924817,907.1789748,,40,1,,,,,,,,,
46,BedTops,64.64520509,922.3896463,,41,1,,,,,,,,,
47,BedTops,49.14069983,926.9882214,,42,1,,,,,,,,,
48,BedTops,51.66468905,930.8793235,,43,1,,,,,,,,,
49,BedTops,53.4675385,934.7704255,,44,1,,,,,,,,,
50,BedTops,57.43380729,935.8316351,,45,1,,,,,,,,,
51,BedTops,60.6789363,937.9540544,,46,1,,,,,,,,,
52,BedTops,63.92406531,939.7227371,,47,1,,,,,,,,,
53,BedTops,94.93307583,942.1988929,,48,1,,,,,,,,,
54,BedTops,77.57071507,1008.913338,,49,1,,,,,,,,,
55,BedTops,95.23863967,1011.389494,,50,1,,,,,,,,,
56,BedTops,77.43016941,1077.409998,,51,1,,,,,,,,,
57,BedTops,76.70902963,1155.604392,,52,1,,,,,,,,,
58,BedTops,103.9473231,1345.565255,,53,1,,,,,,,,,
59,BedTops,46.25614071,1369.246986,,54,1,,,,,,,,,
60,BedTops,94.57250594,1452.133044,,55,1,,,,,,,,,
61,BedTops,53.10696861,1506.403677,,56,1,,,,,,,,,
62,BedTops,66.55806665,1604.503328,,57,1,,,,,,,,,
63,BedTops,86.38941059,1740.099053,,58,1,,,,,,,,,
64,BedTops,74.13003434,1831.86576,,59,1,,,,,,,,,
65,BedTops,70.82989927,1867.920528,,60,1,,,,,,,,,
66,BedTops,70.10875949,1870.713185,,61,1,,,,,,,,,
67,BedTops,67.22420038,1881.883813,,62,1,,,,,,,,,
68,BedTops,82.72870564,1886.538241,,63,1,,,,,,,,,
69,BedTops,96.43036145,1893.054441,,64,1,,,,,,,,,
70,BedTops,87.7766841,1911.206711,,65,1,,,,,,,,,
71,BedTops,89.21896365,1915.395696,,66,1,,,,,,,,,
72,BedTops,86.69497443,1927.031767,,67,1,,,,,,,,,
73,BedTops,74.79616806,1973.576049,,68,1,,,,,,,,,
74,BedTops,73.71445839,1981.488577,,69,1,,,,,,,,,
75,BedTops,72.63274872,1988.935663,,70,1,,,,,,,,,
76,BedTops,66.9736426,2032.776591,,71,1,,,,,,,,,
77,BedTops,70.93991139,2040.223677,,72,1,,,,,,,,,
78,BedTops,69.13706194,2046.739876,,73,1,,,,,,,,,
79,BedTops,42.45489009,2051.394304,,74,1,,,,,,,,,
80,BedTops,86.44441665,2067.684803,,75,1,,,,,,,,,
81,BedTops,63.3679437,2075.597331,,76,1,,,,,,,,,
82,BedTops,55.07483624,2078.889978,,77,1,,,,,,,,,
83,BedTops,45.7000191,2082.78108,,78,1,,,,,,,,,
84,BedTops,59.7622448,2087.286567,,79,1,,,,,,,,,
85,BedTops,52.55084701,2090.563284,,80,1,,,,,,,,,
86,BedTops,71.66105117,2096.70713,,81,1,,,,,,,,,
87,BedTops,61.92566414,2103.874949,,82,1,,,,,,,,,
88,BedTops,64.81022326,2106.127692,,83,1,,,,,,,,,
89,BedTops,61.56509425,2108.790025,,84,1,,,,,,,,,
90,BedTops,61.20452436,2111.861948,,85,1,,,,,,,,,
91,BedTops,67.33421249,2113.705102,,86,1,,,,,,,,,
92,BedTops,57.59882547,2117.391409,,87,1,,,,,,,,,
93,BedTops,74.1850404,2122.10169,,88,1,,,,,,,,,
94,BedTops,58.68053513,2127.221561,,89,1,,,,,,,,,
95,BedTops,66.25250282,2128.85992,,90,1,,,,,,,,,
96,BedTops,58.31996524,2134.594176,,91,1,,,,,,,,,
97,BedTops,59.40167491,2138.894867,,92,1,,,,,,,,,
98,BedTops,57.95939535,2142.785969,,93,1,,,,,,,,,
99,BedTops,58.31996524,2146.472276,,94,1,,,,,,,,,
100,BedTops,58.68053513,2152.001737,,95,1,,,,,,,,,
101,BedTops,75.62731996,2154.049686,,96,1,,,,,,,,,
102,BedTops,64.08908348,2173.488747,,97,1,,,,,,,,,
103,BedTops,53.99312657,2176.095227,,98,1,,,,,,,,,
104,BedTops,69.49763183,2223.384218,,99,1,,,,,,,,,
105,BedTops,58.31996524,2231.948366,,100,1,,,,,,,,,
106,BedTops,58.68053513,2234.554845,,101,1,,,,,,,,,
107,BedTops,58.68053513,2245.725473,,102,1,,,,,,,,,
108,BedTops,58.68053513,2250.193724,,103,1,,,,,,,,,
109,BedTops,59.40167491,2252.42785,,104,1,,,,,,,,,
110,BedTops,59.04110502,2258.757872,,105,1,,,,,,,,,
111,BedTops,58.31996524,2267.32202,,106,1,,,,,,,,,
112,BedTops,53.99312657,2303.315271,,107,1,,,,,,,,,
113,BedTops,67.69478238,2328.186143,,108,1,,,,,,,,,
114,BedTops,61.56509425,2333.268779,,109,1,,,,,,,,,
115,BedTops,60.48338458,2339.52433,,110,1,,,,,,,,,
116,BedTops,58.31996524,2342.261134,,111,1,,,,,,,,,
117,BedTops,44.97887932,2350.862518,,112,1,,,,,,,,,
118,BedTops,59.04110502,2388.004855,,113,1,,,,,,,,,
119,BedTops,61.20452436,2490.239058,,114,1,,,,,,,,,
120,BedTops,69.85820172,2554.749433,,115,1,,,,,,,,,
121,BedTops,60.84395447,2571.170256,,116,1,,,,,,,,,
122,BedTops,59.7622448,2575.861919,,117,1,,,,,,,,,
123,BedTops,70.93991139,2628.193472,,118,1,,,,,,,,,
124,BedTops,41.37318042,2639.140687,,119,1,,,,,,,,,
125,BedTops,52.9114169,2649.69693,,120,1,,,,,,,,,
126,BedTops,66.25250282,2653.215678,,121,1,,,,,,,,,
127,BedTops,57.95939535,2685.666352,,122,1,,,,,,,,,
128,BedTops,59.04110502,2705.60261,,123,1,,,,,,,,,
129,BedTops,58.68053513,2707.948442,,124,1,,,,,,,,,
130,BedTops,44.25773954,2713.42205,,125,1,,,,,,,,,
131,BedTops,59.7622448,2716.549825,,126,1,,,,,,,,,
132,BedTops,42.45489009,2721.632461,,127,1,,,,,,,,,
133,BedTops,44.25773954,2724.760237,,128,1,,,,,,,,,
134,BedTops,52.9114169,2727.888013,,129,1,,,,,,,,,
135,BedTops,59.7622448,2730.624816,,130,1,,,,,,,,,
136,BedTops,58.31996524,2741.18106,,131,1,,,,,,,,,
137,BedTops,59.7622448,2747.436611,,132,1,,,,,,,,,
138,BedTops,44.97887932,2756.819938,,133,1,,,,,,,,,
139,BedTops,100.8672122,2861.458665,,134,1,,,,,,,,,
140,BedTops,90.05011555,2870.060048,,135,1,,,,,,,,,
141,BedTops,55.79597602,2880.616292,,136,1,,,,,,,,,
142,BedTops,75.98788985,2894.669649,,137,1,,,,,,,,,
143,BedTops,60.12281469,2901.688526,,138,1,,,,,,,,,
144,BedTops,57.23825558,2904.388095,,139,1,,,,,,,,,
145,BedTops,42.0943202,2961.788055,,140,1,,,,,,,,,
146,BedTops,95.4586639,2976.980108,,141,1,,,,,,,,,
147,BedTops,86.44441665,2979.661059,,142,1,,,,,,,,,
148,BedTops,77.06959952,2982.044126,,143,1,,,,,,,,,
149,BedTops,76.70902963,2984.725077,,144,1,,,,,,,,,
150,BedTops,78.87244897,2987.703911,,145,1,,,,,,,,,
151,BedTops,80.31472852,2990.682745,,146,1,,,,,,,,,
152,BedTops,82.47814786,2993.661579,,147,1,,,,,,,,,
153,BedTops,92.21353489,3001.108664,,148,1,,,,,,,,,
154,BedTops,35.60406219,3081.404495,,149,1,,,,,,,,,
155,BedTops,63.3679437,3186.243801,,150,1,,,,,,,,,
156,BedTops,59.04110502,3316.595978,,151,1,,,,,,,,,
157,BedTops,70.5793415,3365.858447,,152,1,,,,,,,,,
158,BedTops,81.75700808,3417.466747,,153,1,,,,,,,,,
159,BedTops,90.82434276,2926.88141,,154,1,,,,,,,,,
160,GSValues,-5,-5,,1,,,,,,,,,,
161,GSValues,136.9242012,22.69066474,,1,,,,,,,,,,
162,GSValues,134.0396421,26.99135644,,2,,,,,,,,,,
163,GSValues,130.7945131,35.20176786,,3,,,,,,,,,,
164,GSValues,127.5493841,40.2844035,,4,,,,,,,,,,
165,GSValues,125.3859648,45.75801111,,5,,,,,,,,,,
166,GSValues,122.8619755,48.88578689,,6,,,,,,,,,,
167,GSValues,112.7660186,161.0050487,,7,,,,,,,,,,
168,GSValues,110.6025993,168.8244882,,8,,,,,,,,,,
169,GSValues,106.2757606,181.7265633,,9,,,,,,,,,,
170,GSValues,101.588352,194.2376664,,10,,,,,,,,,,
171,GSValues,98.34322302,204.4029377,,11,,,,,,,,,,
172,GSValues,96.90094346,214.5682089,,12,,,,,,,,,,
173,GSValues,95.4586639,219.6508446,,13,,,,,,,,,,
174,GSValues,59.40167491,222.2981511,,14,,,,,,,,,,
175,GSValues,103.7517714,224.7556892,,15,,,,,,,,,,
176,GSValues,102.3094918,226.9898148,,16,,,,,,,,,,
177,GSValues,59.04110502,229.6707655,,17,,,,,,,,,,
178,GSValues,113.8477283,232.5751287,,18,,,,,,,,,,
179,GSValues,111.323739,236.8199673,,19,,,,,,,,,,
180,GSValues,107.3574703,244.8628193,,20,,,,,,,,,,
181,GSValues,104.4729111,251.5651959,,21,,,,,,,,,,
182,GSValues,102.3094918,256.2568596,,22,,,,,,,,,,
183,GSValues,100.5066424,260.9485233,,23,,,,,,,,,,
184,GSValues,100.1460725,263.4060614,,24,,,,,,,,,,
185,GSValues,58.68053513,266.5338372,,25,,,,,,,,,,
186,GSValues,116.7322874,270.3318506,,26,,,,,,,,,,
187,GSValues,112.4054487,274.3532766,,27,,,,,,,,,,
188,GSValues,109.5208896,280.162003,,28,,,,,,,,,,
189,GSValues,108.07861,284.4068416,,29,,,,,,,,,,
190,GSValues,105.5546208,288.6516802,,30,,,,,,,,,,
191,GSValues,104.833481,292.4496936,,31,,,,,,,,,,
192,GSValues,101.9489219,294.9072317,,32,,,,,,,,,,
193,GSValues,59.04110502,296.3580693,,33,,,,,,,,,,
194,GSValues,81.0358683,297.288955,,34,,,,,,,,,,
195,GSValues,58.68053513,298.2198406,,35,,,,,,,,,,
196,GSValues,81.39643819,299.3369034,,36,,,,,,,,,,
197,GSValues,59.40167491,299.9885233,,37,,,,,,,,,,
198,GSValues,80.67529841,301.3848518,,38,,,,,,,,,,
199,GSValues,140.89047,303.4328002,,39,,,,,,,,,,
200,GSValues,140.1693302,307.34252,,40,,,,,,,,,,
201,GSValues,140.1693302,311.9969482,,41,,,,,,,,,,
202,GSValues,139.4481905,316.2790222,,42,,,,,,,,,,
203,GSValues,136.5636313,326.6904841,,43,,,,,,,,,,
204,GSValues,132.2367927,338.2334661,,44,,,,,,,,,,
205,GSValues,128.2705239,350.3535973,,45,,,,,,,,,,
206,GSValues,123.5831153,363.6280266,,46,,,,,,,,,,
207,GSValues,120.3379863,371.708114,,47,,,,,,,,,,
208,GSValues,142.6933195,376.3253069,,48,,,,,,,,,,
209,GSValues,142.6933195,406.3370602,,49,,,,,,,,,,
210,GSValues,137.645341,410.3771039,,50,,,,,,,,,,
211,GSValues,131.155083,420.1886386,,51,,,,,,,,,,
212,GSValues,127.909954,432.3087698,,52,,,,,,,,,,
213,GSValues,124.664825,451.9318392,,53,,,,,,,,,,
214,GSValues,119.2562766,467.514865,,54,,,,,,,,,,
215,GSValues,113.1265885,484.8293381,,55,,,,,,,,,,
216,GSValues,105.9151907,498.1037674,,56,,,,,,,,,,
217,GSValues,92.40908661,505.7232258,,57,,,,,,,,,,
218,GSValues,89.88509738,514.3804624,,58,,,,,,,,,,
219,GSValues,89.1639576,521.8834007,,59,,,,,,,,,,
220,GSValues,130.9900648,531.6949354,,60,,,,,,,,,,
221,GSValues,131.7112046,534.5806809,,61,,,,,,,,,,
222,GSValues,120.1729681,535.7349791,,62,,,,,,,,,,
223,GSValues,116.2066993,542.0836193,,63,,,,,,,,,,
224,GSValues,113.3221402,554.7808995,,64,,,,,,,,,,
225,GSValues,110.4375811,574.9811181,,65,,,,,,,,,,
226,GSValues,106.1107424,592.2955911,,66,,,,,,,,,,
227,GSValues,101.7839037,607.8786169,,67,,,,,,,,,,
228,GSValues,98.89934462,625.7702391,,68,,,,,,,,,,
229,GSValues,92.40908661,640.1989666,,69,,,,,,,,,,
230,GSValues,87.00053826,648.8562031,,70,,,,,,,,,,
231,GSValues,86.63996837,656.3591415,,71,,,,,,,,,,
232,GSValues,83.75540925,657.5134397,,72,,,,,,,,,,
233,GSValues,78.70743079,659.8220361,,73,,,,,,,,,,
234,GSValues,125.8870803,665.60694,,74,,,,,,,,,,
235,GSValues,119.7573922,675.4184748,,75,,,,,,,,,,
236,GSValues,110.382575,681.7671149,,76,,,,,,,,,,
237,GSValues,101.0077579,687.5386059,,77,,,,,,,,,,
238,GSValues,96.32034934,692.1557987,,78,,,,,,,,,,
239,GSValues,93.43579022,703.6987808,,79,,,,,,,,,,
240,GSValues,91.27237088,710.0474209,,80,,,,,,,,,,
241,GSValues,89.46952143,712.3560173,,81,,,,,,,,,,
242,GSValues,131.2956286,716.396061,,82,,,,,,,,,,
243,GSValues,124.4448007,723.3218502,,83,,,,,,,,,,
244,GSValues,117.2334029,727.9390431,,84,,,,,,,,,,
245,GSValues,110.382575,730.2476395,,85,,,,,,,,,,
246,GSValues,103.892317,732.5562359,,86,,,,,,,,,,
247,GSValues,99.20490845,734.8648323,,87,,,,,,,,,,
248,GSValues,95.23863967,738.3277269,,88,,,,,,,,,,
249,GSValues,90.5512311,742.3677706,,89,,,,,,,,,,
250,GSValues,58.51551696,746.0022166,,90,,,,,,,,,,
251,GSValues,57.79437718,750.9172929,,91,,,,,,,,,,
252,GSValues,83.03426947,748.0501651,,92,,,,,,,,,,
253,GSValues,103.5867532,753.1700361,,93,,,,,,,,,,
254,GSValues,100.3416242,757.0611381,,94,,,,,,,,,,
255,GSValues,92.04851672,760.9522402,,95,,,,,,,,,,
256,GSValues,88.08224793,762.7953937,,96,,,,,,,,,,
257,GSValues,58.87608685,765.048137,,97,,,,,,,,,,
258,GSValues,114.7644198,767.5056751,,98,,,,,,,,,,
259,GSValues,112.9615703,771.3967771,,99,,,,,,,,,,
260,GSValues,107.9135919,775.0830843,,100,,,,,,,,,,
261,GSValues,99.98105429,779.383776,,101,,,,,,,,,,
262,GSValues,91.68794683,781.6365193,,102,,,,,,,,,,
263,GSValues,59.59722663,783.6844677,,103,,,,,,,,,,
264,GSValues,133.514054,787.4470138,,104,,,,,,,,,,
265,GSValues,129.1872154,796.1042504,,105,,,,,,,,,,
266,GSValues,123.778667,811.110127,,106,,,,,,,,,,
267,GSValues,120.533538,826.1160037,,107,,,,,,,,,,
268,GSValues,116.2066993,842.8533277,,108,,,,,,,,,,
269,GSValues,113.6827101,853.2420115,,109,,,,,,,,,,
270,GSValues,108.2741618,861.3220989,,110,,,,,,,,,,
271,GSValues,105.0290327,864.7849935,,111,,,,,,,,,,
272,GSValues,128.1055057,868.098726,,112,,,,,,,,,,
273,GSValues,125.5815165,873.162744,,113,,,,,,,,,,
274,GSValues,118.7306886,877.3331117,,114,,,,,,,,,,
275,GSValues,108.9953015,879.7161789,,115,,,,,,,,,,
276,GSValues,95.29364572,881.5034794,,116,,,,,,,,,,
277,GSValues,89.1639576,882.695013,,117,,,,,,,,,,
278,GSValues,84.47654903,884.1844301,,118,,,,,,,,,,
279,GSValues,58.15494707,887.4611475,,119,,,,,,,,,,
280,GSValues,74.38059211,890.737865,,120,,,,,,,,,,
281,GSValues,58.51551696,894.0145825,,121,,,,,,,,,,
282,GSValues,75.46230178,897.5891834,,122,,,,,,,,,,
283,GSValues,58.15494707,900.5680175,,123,,,,,,,,,,
284,GSValues,72.93831255,903.2489681,,124,,,,,,,,,,
285,GSValues,58.87608685,905.334152,,125,,,,,,,,,,
286,GSValues,88.80338771,908.3129861,,126,,,,,,,,,,
287,GSValues,87.72167804,913.0791206,,127,,,,,,,,,,
288,GSValues,86.27939848,917.8452551,,128,,,,,,,,,,
289,GSValues,84.83711892,920.8240892,,129,,,,,,,,,,
290,GSValues,58.51551696,924.6965735,,130,,,,,,,,,,
291,GSValues,76.54401145,929.462708,,131,,,,,,,,,,
292,GSValues,58.87608685,933.0373089,,132,,,,,,,,,,
293,GSValues,76.18344156,935.1010097,,133,,,,,,,,,,
294,GSValues,59.23665674,936.962781,,134,,,,,,,,,,
295,GSValues,76.54401145,938.6383751,,135,,,,,,,,,,
296,GSValues,58.87608685,940.8725007,,136,,,,,,,,,,
297,GSValues,141.8071615,944.5960433,,137,,,,,,,,,,
298,GSValues,139.6437422,950.005945,,138,,,,,,,,,,
299,GSValues,136.3986132,959.6499203,,139,,,,,,,,,,
300,GSValues,131.3506347,971.3604618,,140,,,,,,,,,,
301,GSValues,125.5815165,977.5601602,,141,,,,,,,,,,
302,GSValues,116.9278391,981.0044371,,142,,,,,,,,,,
303,GSValues,107.9135919,981.6932925,,143,,,,,,,,,,
304,GSValues,101.4233339,986.5152801,,144,,,,,,,,,,
305,GSValues,96.37535539,989.959557,,145,,,,,,,,,,
306,GSValues,93.85136617,997.5369662,,146,,,,,,,,,,
307,GSValues,91.32737694,1003.736665,,147,,,,,,,,,,
308,GSValues,88.80338771,1005.803231,,148,,,,,,,,,,
309,GSValues,58.87608685,1009.917351,,149,,,,,,,,,,
310,GSValues,132.4323444,1012.598301,,150,,,,,,,,,,
311,GSValues,129.9083551,1022.875279,,151,,,,,,,,,,
312,GSValues,128.1055057,1038.514158,,152,,,,,,,,,,
313,GSValues,123.778667,1050.801848,,153,,,,,,,,,,
314,GSValues,119.0912585,1059.738351,,154,,,,,,,,,,
315,GSValues,109.7164413,1064.653427,,155,,,,,,,,,,
316,GSValues,97.45706506,1069.791916,,156,,,,,,,,,,
317,GSValues,92.40908661,1074.036754,,157,,,,,,,,,,
318,GSValues,91.68794683,1075.824055,,158,,,,,,,,,,
319,GSValues,128.4660756,1079.3686,,159,,,,,,,,,,
320,GSValues,126.6632261,1089.645577,,160,,,,,,,,,,
321,GSValues,124.1392369,1109.305882,,161,,,,,,,,,,
322,GSValues,122.3363875,1125.614999,,162,,,,,,,,,,
323,GSValues,118.3701187,1134.998326,,163,,,,,,,,,,
324,GSValues,108.9953015,1141.030465,,164,,,,,,,,,,
325,GSValues,96.0147855,1145.498716,,165,,,,,,,,,,
326,GSValues,89.52452749,1149.966967,,166,,,,,,,,,,
327,GSValues,87.36110815,1153.541568,,167,,,,,,,,,,
328,GSValues,115.9011355,1347.540585,,168,,,,,,,,,,
329,GSValues,115.5405656,1359.828276,,169,,,,,,,,,,
330,GSValues,113.7377162,1368.09454,,170,,,,,,,,,,
331,GSValues,142.5833073,1381.114874,,171,,,,,,,,,,
332,GSValues,142.2227375,1390.945027,,172,,,,,,,,,,
333,GSValues,136.0930493,1396.679282,,173,,,,,,,,,,
334,GSValues,129.9633612,1404.871076,,174,,,,,,,,,,
335,GSValues,127.439372,1417.977946,,175,,,,,,,,,,
336,GSValues,125.2759526,1435.180713,,176,,,,,,,,,,
337,GSValues,121.6702537,1446.649224,,177,,,,,,,,,,
338,GSValues,120.2279742,1449.106762,,178,,,,,,,,,,
339,GSValues,142.9438772,1462.213632,,179,,,,,,,,,,
340,GSValues,142.9438772,1478.597219,,180,,,,,,,,,,
341,GSValues,135.7324794,1485.150654,,181,,,,,,,,,,
342,GSValues,121.3096838,1493.342448,,182,,,,,,,,,,
343,GSValues,112.2954366,1498.257524,,183,,,,,,,,,,
344,GSValues,105.0840388,1502.353421,,184,,,,,,,,,,
345,GSValues,128.1605118,1510.545215,,185,,,,,,,,,,
346,GSValues,122.7519634,1520.375367,,186,,,,,,,,,,
347,GSValues,119.1462645,1535.120596,,187,,,,,,,,,,
348,GSValues,114.4588559,1552.323363,,188,,,,,,,,,,
349,GSValues,110.853157,1570.345309,,189,,,,,,,,,,
350,GSValues,106.5263184,1588.367255,,190,,,,,,,,,,
351,GSValues,104.362899,1599.835766,,191,,,,,,,,,,
352,GSValues,105.0840388,1745.646464,,192,,,,,,,,,,
353,GSValues,103.6417592,1761.210872,,193,,,,,,,,,,
354,GSValues,101.4783399,1778.413639,,194,,,,,,,,,,
355,GSValues,98.2332109,1799.712303,,195,,,,,,,,,,
356,GSValues,96.06979156,1816.91507,,196,,,,,,,,,,
357,GSValues,94.98808189,1827.564401,,197,,,,,,,,,,
358,GSValues,58.57052302,1852.139783,,198,,,,,,,,,,
359,GSValues,85.97383465,1868.945774,,199,,,,,,,,,,
360,GSValues,58.20995313,1876.765214,,200,,,,,,,,,,
361,GSValues,84.53155509,1884.193681,,201,,,,,,,,,,
362,GSValues,58.57052302,1889.667289,,202,,,,,,,,,,
363,GSValues,114.8194258,1896.313812,,203,,,,,,,,,,
364,GSValues,113.0165764,1904.524224,,204,,,,,,,,,,
365,GSValues,112.2954366,1908.042971,,205,,,,,,,,,,
366,GSValues,110.4925872,1909.606859,,206,,,,,,,,,,
367,GSValues,58.20995313,1913.516579,,207,,,,,,,,,,
368,GSValues,111.9348667,1917.035327,,208,,,,,,,,,,
369,GSValues,111.5742968,1922.117962,,209,,,,,,,,,,
370,GSValues,108.6897377,1924.463794,,210,,,,,,,,,,
371,GSValues,58.20995313,1949.095028,,211,,,,,,,,,,
372,GSValues,106.1657485,1976.854039,,212,,,,,,,,,,
373,GSValues,97.51207112,1978.417926,,213,,,,,,,,,,
374,GSValues,93.18523244,1979.19987,,214,,,,,,,,,,
375,GSValues,58.57052302,1985.06445,,215,,,,,,,,,,
376,GSValues,113.3771463,1992.101945,,216,,,,,,,,,,
377,GSValues,112.7660186,1996.454705,,217,,,,,,,,,,
378,GSValues,111.6843089,2003.883172,,218,,,,,,,,,,
379,GSValues,110.2420294,2012.093584,,219,,,,,,,,,,
380,GSValues,106.9969004,2018.740107,,220,,,,,,,,,,
381,GSValues,100.5066424,2021.867883,,221,,,,,,,,,,
382,GSValues,94.01638434,2026.559547,,222,,,,,,,,,,
383,GSValues,88.2472661,2029.687323,,223,,,,,,,,,,
384,GSValues,86.80498654,2030.078295,,224,,,,,,,,,,
385,GSValues,58.68053513,2037.11579,,225,,,,,,,,,,
386,GSValues,90.05011555,2041.807454,,226,,,,,,,,,,
387,GSValues,87.88669621,2043.762314,,227,,,,,,,,,,
388,GSValues,86.08384676,2044.93523,,228,,,,,,,,,,
389,GSValues,58.31996524,2048.844949,,229,,,,,,,,,,
390,GSValues,126.1071045,2064.092856,,230,,,,,,,,,,
391,GSValues,102.3094918,2071.130352,,231,,,,,,,,,,
392,GSValues,100.1460725,2073.476184,,232,,,,,,,,,,
393,GSValues,59.04110502,2077.543372,,233,,,,,,,,,,
394,GSValues,84.28099731,2080.149851,,234,,,,,,,,,,
395,GSValues,59.40167491,2084.80428,,235,,,,,,,,,,
396,GSValues,89.32897577,2088.155468,,236,,,,,,,,,,
397,GSValues,82.11757797,2088.713999,,237,,,,,,,,,,
398,GSValues,72.38219095,2089.458708,,238,,,,,,,,,,
399,GSValues,58.68053513,2093.368428,,239,,,,,,,,,,
400,GSValues,90.41068544,2098.022856,,240,,,,,,,,,,
401,GSValues,89.68954566,2100.443159,,241,,,,,,,,,,
402,GSValues,87.16555643,2102.118753,,242,,,,,,,,,,
403,GSValues,85.36270698,2102.677284,,243,,,,,,,,,,
404,GSValues,58.68053513,2104.91141,,244,,,,,,,,,,
405,GSValues,83.92042742,2107.331712,,245,,,,,,,,,,
406,GSValues,82.11757797,2110.496724,,246,,,,,,,,,,
407,GSValues,59.04110502,2112.730849,,247,,,,,,,,,,
408,GSValues,86.44441665,2114.964975,,248,,,,,,,,,,
409,GSValues,58.68053513,2119.80558,,249,,,,,,,,,,
410,GSValues,87.16555643,2122.784414,,250,,,,,,,,,,
411,GSValues,82.83871775,2124.832363,,251,,,,,,,,,,
412,GSValues,81.39643819,2126.135602,,252,,,,,,,,,,
413,GSValues,58.68053513,2128.183551,,253,,,,,,,,,,
414,GSValues,87.34232267,2131.410971,,254,,,,,,,,,,
415,GSValues,83.58084872,2132.304621,,255,,,,,,,,,,
416,GSValues,58.27638763,2136.326047,,256,,,,,,,,,,
417,GSValues,86.65841831,2140.347473,,257,,,,,,,,,,
418,GSValues,58.27638763,2144.815724,,258,,,,,,,,,,
419,GSValues,90.07794008,2147.9435,,259,,,,,,,,,,
420,GSValues,87.34232267,2150.177625,,260,,,,,,,,,,
421,GSValues,58.96029199,2152.885145,,261,,,,,,,,,,
422,GSValues,130.7702491,2156.012921,,262,,,,,,,,,,
423,GSValues,126.666823,2161.486529,,263,,,,,,,,,,
424,GSValues,123.5892534,2166.178193,,264,,,,,,,,,,
425,GSValues,120.1697316,2170.34856,,265,,,,,,,,,,
426,GSValues,117.4341142,2172.173096,,266,,,,,,,,,,
427,GSValues,58.61833981,2174.779576,,267,,,,,,,,,,
428,GSValues,127.6926795,2177.646704,,268,,,,,,,,,,
429,GSValues,127.3507274,2179.731888,,269,,,,,,,,,,
430,GSValues,123.2473012,2184.423551,,270,,,,,,,,,,
431,GSValues,117.7760664,2193.546231,,271,,,,,,,,,,
432,GSValues,115.3824012,2202.408262,,272,,,,,,,,,,
433,GSValues,112.9887359,2210.748997,,273,,,,,,,,,,
434,GSValues,108.5433576,2217.525845,,274,,,,,,,,,,
435,GSValues,103.0721228,2221.174917,,275,,,,,,,,,,
436,GSValues,59.30224416,2227.691116,,276,,,,,,,,,,
437,GSValues,83.9228009,2233.164724,,277,,,,,,,,,,
438,GSValues,58.61833981,2240.462867,,278,,,,,,,,,,
439,GSValues,84.60670525,2246.718419,,279,,,,,,,,,,
440,GSValues,82.89694437,2248.021659,,280,,,,,,,,,,
441,GSValues,81.52913566,2248.803603,,281,,,,,,,,,,
442,GSValues,58.96029199,2251.149435,,282,,,,,,,,,,
443,GSValues,87.00037049,2253.495266,,283,,,,,,,,,,
444,GSValues,86.31646614,2255.319802,,284,,,,,,,,,,
445,GSValues,83.9228009,2256.88369,,285,,,,,,,,,,
446,GSValues,81.52913566,2257.404986,,286,,,,,,,,,,
447,GSValues,58.27638763,2262.215536,,287,,,,,,,,,,
448,GSValues,104.7818837,2268.731735,,288,,,,,,,,,,
449,GSValues,102.3882184,2272.902103,,289,,,,,,,,,,
450,GSValues,101.0204097,2280.200246,,290,,,,,,,,,,
451,GSValues,98.96869668,2287.759038,,291,,,,,,,,,,
452,GSValues,94.86527056,2293.493293,,292,,,,,,,,,,
453,GSValues,90.07794008,2297.403013,,293,,,,,,,,,,
454,GSValues,84.26475307,2301.312733,,294,,,,,,,,,,
455,GSValues,58.61833981,2315.127076,,295,,,,,,,,,,
456,GSValues,87.34232267,2328.941419,,296,,,,,,,,,,
457,GSValues,85.29060961,2331.026603,,297,,,,,,,,,,
458,GSValues,83.23889654,2331.808547,,298,,,,,,,,,,
459,GSValues,58.61833981,2336.255814,,299,,,,,,,,,,
460,GSValues,84.60670525,2340.68683,,300,,,,,,,,,,
461,GSValues,58.27638763,2346.421086,,301,,,,,,,,,,
462,GSValues,94.1813662,2353.197933,,302,,,,,,,,,,
463,GSValues,92.12965314,2362.059964,,303,,,,,,,,,,
464,GSValues,90.76184443,2371.443292,,304,,,,,,,,,,
465,GSValues,90.76184443,2379.523379,,305,,,,,,,,,,
466,GSValues,88.71013137,2383.693747,,306,,,,,,,,,,
467,GSValues,83.23889654,2385.518283,,307,,,,,,,,,,
468,GSValues,77.08375736,2386.039579,,308,,,,,,,,,,
469,GSValues,59.30224416,2397.247442,,309,,,,,,,,,,
470,GSValues,113.0512343,2493.896502,,310,,,,,,,,,,
471,GSValues,111.3414734,2505.625661,,311,,,,,,,,,,
472,GSValues,109.9736647,2519.700652,,312,,,,,,,,,,
473,GSValues,107.9219516,2535.339531,,313,,,,,,,,,,
474,GSValues,106.8960951,2544.722858,,314,,,,,,,,,,
475,GSValues,105.8702385,2551.760354,,315,,,,,,,,,,
476,GSValues,119.2063734,2559.579793,,316,,,,,,,,,,
477,GSValues,117.1546604,2565.835345,,317,,,,,,,,,,
478,GSValues,115.1029473,2566.617289,,318,,,,,,,,,,
479,GSValues,58.68083814,2573.654784,,319,,,,,,,,,,
480,GSValues,111.3414734,2579.128392,,320,,,,,,,,,,
481,GSValues,109.6317125,2587.729775,,321,,,,,,,,,,
482,GSValues,106.8960951,2603.368654,,322,,,,,,,,,,
483,GSValues,104.844382,2612.751982,,323,,,,,,,,,,
484,GSValues,103.8185255,2619.789477,,324,,,,,,,,,,
485,GSValues,101.4248602,2622.917253,,325,,,,,,,,,,
486,GSValues,58.68083814,2633.082524,,326,,,,,,,,,,
487,GSValues,101.0829081,2642.465852,,327,,,,,,,,,,
488,GSValues,98.00533848,2645.593627,,328,,,,,,,,,,
489,GSValues,57.99693378,2651.510028,,329,,,,,,,,,,
490,GSValues,114.0770908,2656.592664,,330,,,,,,,,,,
491,GSValues,107.2380473,2662.457243,,331,,,,,,,,,,
492,GSValues,103.1346211,2668.712795,,332,,,,,,,,,,
493,GSValues,99.03119501,2674.577374,,333,,,,,,,,,,
494,GSValues,96.29557759,2678.878066,,334,,,,,,,,,,
495,GSValues,93.90191235,2681.61487,,335,,,,,,,,,,
496,GSValues,91.16629494,2683.178758,,336,,,,,,,,,,
497,GSValues,57.99693378,2695.689861,,337,,,,,,,,,,
498,GSValues,70.30721215,2706.637076,,338,,,,,,,,,,
499,GSValues,57.99693378,2710.937768,,339,,,,,,,,,,
500,GSValues,92.19215147,2715.238459,,340,,,,,,,,,,
501,GSValues,58.33888596,2719.930123,,341,,,,,,,,,,
502,GSValues,86.37896446,2722.666927,,342,,,,,,,,,,
503,GSValues,57.99693378,2725.794703,,343,,,,,,,,,,
504,GSValues,83.98529923,2728.922478,,344,,,,,,,,,,
505,GSValues,57.65498161,2734.787058,,345,,,,,,,,,,
506,GSValues,88.43067752,2742.215526,,346,,,,,,,,,,
507,GSValues,85.69506011,2743.779413,,347,,,,,,,,,,
508,GSValues,82.61749052,2745.343301,,348,,,,,,,,,,
509,GSValues,58.33888596,2752.380797,,349,,,,,,,,,,
510,GSValues,143.1430258,2763.542376,,350,,,,,,,,,,
511,GSValues,141.7752171,2777.784926,,351,,,,,,,,,,
512,GSValues,138.0137432,2789.514085,,352,,,,,,,,,,
513,GSValues,130.1488431,2802.081042,,353,,,,,,,,,,
514,GSValues,120.5741821,2819.67478,,354,,,,,,,,,,
515,GSValues,109.2897603,2828.890548,,355,,,,,,,,,,
516,GSValues,104.5024298,2839.78191,,356,,,,,,,,,,
517,GSValues,101.0829081,2848.997678,,357,,,,,,,,,,
518,GSValues,100.3990037,2857.375649,,358,,,,,,,,,,
519,GSValues,113.3931864,2866.56002,,359,,,,,,,,,,
520,GSValues,114.7609951,2876.241231,,360,,,,,,,,,,
521,GSValues,113.7351386,2878.103002,,361,,,,,,,,,,
522,GSValues,58.68083814,2887.039504,,362,,,,,,,,,,
523,GSValues,91.16629494,2896.348361,,363,,,,,,,,,,
524,GSValues,87.74677317,2899.699549,,364,,,,,,,,,,
525,GSValues,86.03701229,2900.071904,,365,,,,,,,,,,
526,GSValues,58.68083814,2902.678383,,366,,,,,,,,,,
527,GSValues,105.8702385,2905.657217,,367,,,,,,,,,,
528,GSValues,105.1863342,2912.359594,,368,,,,,,,,,,
529,GSValues,103.1346211,2918.689617,,369,,,,,,,,,,
530,GSValues,100.3990037,2924.647285,,370,,,,,,,,,,
531,GSValues,121.9419909,2929.860244,,371,,,,,,,,,,
532,GSValues,120.5741821,2941.403226,,372,,,,,,,,,,
533,GSValues,116.8127082,2950.339729,,373,,,,,,,,,,
534,GSValues,112.3673299,2957.414459,,374,,,,,,,,,,
535,GSValues,108.605856,2960.020939,,375,,,,,,,,,,
536,GSValues,118.1805169,2969.899496,,376,,,,,,,,,,
537,GSValues,115.4448995,2973.920922,,377,,,,,,,,,,
538,GSValues,113.7351386,2974.591159,,378,,,,,,,,,,
539,GSValues,58.7120873,2978.535575,,379,,,,,,,,,,
540,GSValues,97.69463546,2980.7697,,380,,,,,,,,,,
541,GSValues,59.05403948,2983.152767,,381,,,,,,,,,,
542,GSValues,88.11997451,2986.727368,,382,,,,,,,,,,
543,GSValues,59.73794383,2988.961494,,383,,,,,,,,,,
544,GSValues,116.8439574,2992.387153,,384,,,,,,,,,,
545,GSValues,61.10575254,2996.855404,,385,,,,,,,,,,
546,GSValues,124.3669053,3001.919422,,386,,,,,,,,,,
547,GSValues,124.3669053,3008.621799,,387,,,,,,,,,,
548,GSValues,119.921527,3018.005126,,388,,,,,,,,,,
549,GSValues,116.5020052,3030.069404,,389,,,,,,,,,,
550,GSValues,115.1341965,3037.913442,,390,,,,,,,,,,
551,GSValues,113.4244356,3049.475041,,391,,,,,,,,,,
552,GSValues,110.0049138,3062.749471,,392,,,,,,,,,,
553,GSValues,106.9273442,3070.885411,,393,,,,,,,,,,
554,GSValues,103.8497746,3073.882863,,394,,,,,,,,,,
555,GSValues,91.1975441,3076.0239,,395,,,,,,,,,,
556,GSValues,87.77802233,3079.021352,,396,,,,,,,,,,
557,GSValues,155.8265055,3094.008611,,397,,,,,,,,,,
558,GSValues,155.8265055,3110.280492,,398,,,,,,,,,,
559,GSValues,154.4586968,3122.270299,,399,,,,,,,,,,
560,GSValues,137.0191358,3125.695958,,400,,,,,,,,,,
561,GSValues,127.1025227,3134.688314,,401,,,,,,,,,,
562,GSValues,120.2634791,3157.383306,,402,,,,,,,,,,
563,GSValues,118.2117661,3167.456061,,403,,,,,,,,,,
564,GSValues,115.4761487,3180.116105,,404,,,,,,,,,,
565,GSValues,88.11997451,3183.839648,,405,,,,,,,,,,
566,GSValues,147.2777011,3191.286733,,406,,,,,,,,,,
567,GSValues,144.5420837,3215.862114,,407,,,,,,,,,,
568,GSValues,144.8840359,3253.09754,,408,,,,,,,,,,
569,GSValues,145.225988,3287.354132,,409,,,,,,,,,,
570,GSValues,143.8581793,3307.461262,,410,,,,,,,,,,
571,GSValues,143.174275,3312.674222,,411,,,,,,,,,,
572,GSValues,149.3294142,3331.893935,,412,,,,,,,,,,
573,GSValues,146.9357489,3346.043397,,413,,,,,,,,,,
574,GSValues,145.225988,3357.214024,,414,,,,,,,,,,
575,GSValues,144.2001315,3362.426984,,415,,,,,,,,,,
576,GSValues,145.5679402,3373.597612,,416,,,,,,,,,,
577,GSValues,145.5679402,3403.385953,,417,,,,,,,,,,
578,GSValues,144.8840359,3411.577746,,418,,,,,,,,,,
579,GSValues,142.8323228,3413.811872,,419,,,,,,,,,,
580,GSValues,148.8937145,3423.022435,,420,,,,,,,,,,
581,GSValues,147.867858,3456.534318,,421,,,,,,,,,,
582,GSValues,141.0288144,3480.364991,,422,,,,,,,,,,
583,GSValues,130.428297,3514.621583,,423,,,,,,,,,,
584,GSValues,120.853636,3541.43109,,424,,,,,,,,,,
585,GSValues,110.5950707,3572.708847,,425,,,,,,,,,,
586,GSValues,106.8335967,3587.603018,,426,,,,,,,,,,
587,GSValues,104.0979793,3596.53952,,427,,,,,,,,,,
588,GSMarkers,-5,-5,,1,,,,,,,,,,
589,GSMarkers,43.73215148,21.36133164,,2,,,,,,,,,,
590,GSMarkers,57.79437718,21.36133164,,3,,,,,,,,,,
591,GSMarkers,72.21717278,21.11930138,,4,,,,,,,,,,
592,GSMarkers,85.91882859,21.36133164,,5,,,,,,,,,,
593,GSMarkers,100.3416242,21.36133164,,6,,,,,,,,,,
594,GSMarkers,114.4038499,21.11930138,,7,,,,,,,,,,
595,GSMarkers,128.4660756,21.11930138,,8,,,,,,,,,,
596,GSMarkers,142.5283013,21.11930138,,9,,,,,,,,,,
597,GSMarkers,156.9510969,21.11930138,,10,,,,,,,,,,
598,GSMarkers,170.6527527,21.11930138,,11,,,,,,,,,,
599,SedStrut,,,,,,-1,-2,Example,,,,,,
600,SedStrut,,,,,,255.7558274,235.6307258,PlanarLaminations,,,,,,
601,SedStrut,,,,,,282.2538778,269.5079801,PlanarLaminations,,,,,,
602,SedStrut,,,,,,342.9141049,303.6701567,PlanarLaminations,,,,,,
603,SedStrut,,,,,,441.2080213,378.5965941,PlanarLaminations,,,,,,
604,SedStrut,,,,,,501.583326,477.7313538,PlanarLaminations,,,,,,
605,SedStrut,,,,,,515.0000604,505.3101967,PlanarLaminations,,,,,,
606,SedStrut,,,,,,525.0626112,517.981557,PlanarLaminations,,,,,,
607,SedStrut,,,,,,658.4790116,642.0807807,PlanarLaminations,,,,,,
608,SedStrut,,,,,,711.027888,698.7292148,PlanarLaminations,,,,,,
609,SedStrut,,,,,,739.3521051,720.7177517,PlanarLaminations,,,,,,
610,SedStrut,,,,,,760.0619958,754.8443769,PlanarLaminations,,,,,,
611,SedStrut,,,,,,764.1615536,761.180057,RippleLaminations,,,,,,
612,SedStrut,,,,,,780.9324716,777.2056009,RippleLaminations,,,,,,
613,SedStrut,,,,,,777.2056009,771.2426078,PlanarLaminations,,,,,,
614,SedStrut,,,,,,838.6989669,786.5227776,PlanarLaminations,,,,,,
615,SedStrut,,,,,,856.9606331,839.444341,CrossBedding,,,,,,
616,SedStrut,,,,,,882.593242,874.5991044,PlanarLaminations,,,,,,
617,SedStrut,,,,,,913.3585593,907.5446411,PlanarLaminations,,,,,,
618,SedStrut,,,,,,921.5949435,913.8430525,ClimbingRipples,,,,,,
619,SedStrut,,,,,,930.5580675,927.6511083,RippleLaminations,,,,,,
620,SedStrut,,,,,,1132.694923,1081.040496,NestedScourfills,,,,,,
621,SedStrut,,,,,,1153.602667,1134.539724,PlanarLaminations,,,,,,
622,SedStrut,,,,,,1870.195543,1868.369376,RippleLaminations,,,,,,
623,SedStrut,,,,,,1885.8484,1881.935185,RippleLaminations,,,,,,
624,SedStrut,,,,,,1910.89297,1893.153066,PlanarLaminations,,,,,,
625,SedStrut,,,,,,1980.792402,1974.270379,PlanarLaminations,,,,,,
626,SedStrut,,,,,,2028.272735,2017.315735,PlanarLaminations,,,,,,
627,SedStrut,,,,,,1997.227902,1992.271164,RipUpClasts,,,,,,
628,SedStrut,,,,,,2046.386765,2040.442406,PlanarLaminations,,,,,,
629,SedStrut,,,,,,2067.499487,2051.921168,RipUpClasts,,,,,,
630,SedStrut,,,,,,2075.288647,2068.114421,PlanarLaminations,,,,,,
631,SedStrut,,,,,,2103.165639,2097.016303,PlanarLaminations,,,,,,
632,SedStrut,,,,,,2126.103066,2122.82342,PlanarLaminations,,,,,,
633,SedStrut,,,,,,2294.226124,2276.933444,PlanarLaminations,,,,,,
634,SedStrut,,,,,,2257.553717,2253.379621,PlanarLaminations,,,,,,
635,SedStrut,,,,,,2301.381716,2295.120573,RippleLaminations,,,,,,
636,SedStrut,,,,,,2332.403017,2328.825222,PlanarLaminations,,,,,,
637,SedStrut,,,,,,2372.95137,2352.975343,PlanarLaminations,,,,,,
638,SedStrut,,,,,,2387.652413,2373.34123,RippleLaminations,,,,,,
639,SedStrut,,,,,,2553.341007,2524.122341,PlanarLaminations,,,,,,
640,SedStrut,,,,,,2570.037388,2555.726204,CrossBedding,,,,,,
641,SedStrut,,,,,,2627.61754,2613.306356,PlanarLaminations,,,,,,
642,SedStrut,,,,,,2646.470028,2639.761661,PlanarLaminations,,,,,,
643,SedStrut,,,,,,2649.544697,2646.470028,RippleLaminations,,,,,,
644,SedStrut,,,,,,2674.980589,2664.359008,RippleLaminations,,,,,,
645,SedStrut,,,,,,2685.322655,2675.53962,CrossBedding,,,,,,
646,SedStrut,,,,,,2829.253194,2786.766868,DishStructures,,,,,,
647,SedStrut,,,,,,2786.412815,2758.498554,NestedScourfills,,,,,,
648,SedStrut,,,,,,2860.763885,2830.371255,PlanarLaminations,,,,,,
649,SedStrut,,,,,,2869.615203,2862.235999,RipUpClasts,,,,,,
650,SedStrut,,,,,,2897.40211,2895.277794,PlanarLaminations,,,,,,
651,SedStrut,,,,,,2901.29669,2897.756163,RippleLaminations,,,,,,
652,SedStrut,,,,,,2926.434433,2913.334482,WavyLaminations,,,,,,
653,SedStrut,,,,,,2976.462775,2962.244763,RipUpClasts,,,,,,
654,SedStrut,,,,,,3076.732698,3072.856753,PlanarLaminations,,,,,,
655,SedStrut,,,,,,3081.093137,3077.217192,RippleLaminations,,,,,,
656,SedStrut,,,,,,3183.833029,3133.147588,WavyLaminations,,,,,,
657,SedStrut,,,,,,3132.402214,3083.952895,ImbricatedClasts,,,,,,
658,Facies,,,,,,-1,2,,Example,0,,,,
659,Facies,,,,,,3596.654522,3001.108664,,AmalgSandstone,2,,,,
660,Facies,,,,,,745.3560052,302.8545275,,AmalgSandstone,3,,,,
661,Facies,,,,,,1604.503328,1345.565255,,AmalgSandstone,4,,,,
662,Facies,,,,,,1155.604392,1011.389494,,AmalgSandstone,5,,,,
663,Facies,,,,,,302.8545275,21.58586485,,NonAmalgThickSandstone,6,,,,
664,Facies,,,,,,1011.389494,942.1988929,,NonAmalgThickSandstone,7,,,,
665,Facies,,,,,,942.1988929,884.8782668,,ThinBeddedHeterolithic,8,,,,
666,Facies,,,,,,785.067587,745.3560052,,ThinBeddedHeterolithic,9,,,,
667,Facies,,,,,,884.8782668,785.067587,,ThinBeddedHeterolithic,10,,,,
668,Facies,,,,,,2154.049686,1831.86576,,ThinBeddedHeterolithic,11,,,,
669,Facies,,,,,,2490.239058,2223.384218,,ThinBeddedHeterolithic,12,,,,
670,Facies,,,,,,2223.384218,2154.049686,,NonAmalgThickSandstone,13,,,,
671,Facies,,,,,,2685.666352,2490.239058,,NonAmalgThickSandstone,14,,,,
672,Facies,,,,,,2756.819938,2685.666352,,ThinBeddedHeterolithic,15,,,,
673,Facies,,,,,,3001.108664,2976.980108,,ThinBeddedHeterolithic,16,,,,
674,Facies,,,,,,2976.980108,2904.388095,,AmalgSandstone,17,,,,
675,Facies,,,,,,2880.616292,2756.819938,,AmalgSandstone,18,,,,
676,Facies,,,,,,2904.388095,2880.616292,,ThinBeddedHeterolithic,19,,,,
677,Facies,,,,,,1831.86576,1740.099053,,AmalgSandstone,20,,,,
678,Elements,,,,,,-1,2,,,,Example,0,,
679,Elements,,,,,,3596.654522,2756.819938,,,,ChannelFIll,2,,
680,Elements,,,,,,2756.819938,1831.86576,,,,PondedFill,3,,
681,Elements,,,,,,1831.86576,884.8782668,,,,ChannelFIll,4,,
682,Elements,,,,,,884.8782668,21.58586485,,,,ChannelFIll,5,,
683,ElementSets,,,,,,-1,2,,,,,,Example,0
684,ElementSets,,,,,,1831.86576,21.58586485,,,,,,ChannelComplex,2
